record_id,company_name,office_name,phone,company_url,license_number,license_type,city_or_prefecture,address,mhlw_source_url,mhlw_raw_path,page_number,detail_index,collected_at
company-2f4c3e06,株式会社 札幌昭栄,株式会社 札幌昭栄,011-233-1811,,01-ユ-010019,有料職業紹介事業,北海道,北海道札幌市中央区南１条西２丁目５番地 南一条Ｋビル８階,https://jinzai.hellowork.mhlw.go.jp/JinzaiWeb/GICB102030.do?screenId=GICB102030&action=detail&detkey_Detail=01-%E3%83%A6-010019%2C0+++++,data/raw/mhlw/detail-000001-01_ユ_010019.html,1,1,2026-05-22T10:12:25+08:00
company-9900cdc3,株式会社 エイチビーケーサポートワーク,株式会社 エイチビーケーサポートワーク,011-671-2788,,01-ユ-010082,有料職業紹介事業,北海道,北海道札幌市西区発寒6条9丁目1番10号 ペルル宮の沢3階,https://jinzai.hellowork.mhlw.go.jp/JinzaiWeb/GICB102030.do?screenId=GICB102030&action=detail&detkey_Detail=01-%E3%83%A6-010082%2C0+++++,data/raw/mhlw/detail-000002-01_ユ_010082.html,1,2,2026-05-22T10:12:25+08:00
company-fdfd4207,有限会社 北見マーケットコミュニケーションズ,有限会社 北見マーケットコミュニケーションズ,0157-36-4052,,01-ユ-050002,有料職業紹介事業,北海道,北海道北見市中央三輪8丁目7番地9,https://jinzai.hellowork.mhlw.go.jp/JinzaiWeb/GICB102030.do?screenId=GICB102030&action=detail&detkey_Detail=01-%E3%83%A6-050002%2C0+++++,data/raw/mhlw/detail-000003-01_ユ_050002.html,1,3,2026-05-22T10:12:25+08:00
company-50700965,株式会社 ロックウェル,株式会社 ロックウェル,011-290-1800,,01-ユ-300012,有料職業紹介事業,北海道,北海道札幌市中央区大通西十三丁目4番120 ジェネシスビル4F,https://jinzai.hellowork.mhlw.go.jp/JinzaiWeb/GICB102030.do?screenId=GICB102030&action=detail&detkey_Detail=01-%E3%83%A6-300012%2C0+++++,data/raw/mhlw/detail-000004-01_ユ_300012.html,1,4,2026-05-22T10:12:25+08:00
company-14714f2b,株式会社 道新アクセス,株式会社 道新アクセス,011-210-5549,,01-ユ-300020,有料職業紹介事業,北海道,北海道札幌市中央区大通東4丁目1番地 北海道新聞社ビル5階,https://jinzai.hellowork.mhlw.go.jp/JinzaiWeb/GICB102030.do?screenId=GICB102030&action=detail&detkey_Detail=01-%E3%83%A6-300020%2C0+++++,data/raw/mhlw/detail-000005-01_ユ_300020.html,1,5,2026-05-22T10:12:25+08:00
company-1bde2b53,株式会社 アネックス,株式会社 アネックス,011-867-5730,,01-ユ-300031,有料職業紹介事業,北海道,北海道札幌市白石区本郷通7丁目北6番20号 第1加治屋ビル3階,https://jinzai.hellowork.mhlw.go.jp/JinzaiWeb/GICB102030.do?screenId=GICB102030&action=detail&detkey_Detail=01-%E3%83%A6-300031%2C0+++++,data/raw/mhlw/detail-000006-01_ユ_300031.html,1,6,2026-05-22T10:12:25+08:00
company-3961db7d,株式会社 アネックス,株式会社アネックス 帯広営業所,0155-27-7222,,01-ユ-300031,有料職業紹介事業,北海道,北海道帯広市東1条南1丁目1 東1条ビル3Ｆ,https://jinzai.hellowork.mhlw.go.jp/JinzaiWeb/GICB102030.do?screenId=GICB102030&action=detail&detkey_Detail=01-%E3%83%A6-300031%2C1+++++,data/raw/mhlw/detail-000007-01_ユ_300031.html,1,7,2026-05-22T10:12:25+08:00
company-a7e61177,株式会社 ファーストステップ,株式会社 ファーストステップ,011-892-8500,,01-ユ-300039,有料職業紹介事業,北海道,北海道札幌市厚別区厚別中央2条5丁目2番1号 クラスター・ユー・エム2階,https://jinzai.hellowork.mhlw.go.jp/JinzaiWeb/GICB102030.do?screenId=GICB102030&action=detail&detkey_Detail=01-%E3%83%A6-300039%2C0+++++,data/raw/mhlw/detail-000008-01_ユ_300039.html,1,8,2026-05-22T10:12:25+08:00
company-16a31d99,メイツセレクト 株式会社,メイツセレクト 株式会社,011-857-8311,,01-ユ-300046,有料職業紹介事業,北海道,北海道札幌市白石区栄通16丁目7番13号,https://jinzai.hellowork.mhlw.go.jp/JinzaiWeb/GICB102030.do?screenId=GICB102030&action=detail&detkey_Detail=01-%E3%83%A6-300046%2C0+++++,data/raw/mhlw/detail-000009-01_ユ_300046.html,1,9,2026-05-22T10:12:25+08:00
company-31dc22aa,有限会社 ガーディアン美警,有限会社 ガーディアン美警,0138-85-8884,,01-ユ-300064,有料職業紹介事業,北海道,北海道函館市昭和四丁目41番1号,https://jinzai.hellowork.mhlw.go.jp/JinzaiWeb/GICB102030.do?screenId=GICB102030&action=detail&detkey_Detail=01-%E3%83%A6-300064%2C0+++++,data/raw/mhlw/detail-000010-01_ユ_300064.html,1,10,2026-05-22T10:12:25+08:00
company-6d46393e,モス物流プランニング 株式会社,ＭＯＳ物流プランニング 株式会社 おしごとセンター,011-857-1000,,01-ユ-300089,有料職業紹介事業,北海道,北海道札幌市豊平区月寒東1条20丁目4番19号,https://jinzai.hellowork.mhlw.go.jp/JinzaiWeb/GICB102030.do?screenId=GICB102030&action=detail&detkey_Detail=01-%E3%83%A6-300089%2C0+++++,data/raw/mhlw/detail-000011-01_ユ_300089.html,1,11,2026-05-22T10:12:25+08:00
company-102336d3,株式会社 アメリカンビジネスサービス,株式会社 アメリカンビジネスサービス,011-221-1702,,01-ユ-300090,有料職業紹介事業,北海道,北海道札幌市中央区大通西5丁目11番地 大五ビル2Ｆ,https://jinzai.hellowork.mhlw.go.jp/JinzaiWeb/GICB102030.do?screenId=GICB102030&action=detail&detkey_Detail=01-%E3%83%A6-300090%2C1+++++,data/raw/mhlw/detail-000012-01_ユ_300090.html,1,12,2026-05-22T10:12:25+08:00
company-d3815507,株式会社 アメリカンビジネスサービス,株式会社 アメリカンビジネスサービス 西日本支社,083-976-0033,,01-ユ-300090,有料職業紹介事業,山口県,山口県山口市小郡花園町1番12号 小郡第3ビル3階,https://jinzai.hellowork.mhlw.go.jp/JinzaiWeb/GICB102030.do?screenId=GICB102030&action=detail&detkey_Detail=01-%E3%83%A6-300090%2C2+++++,data/raw/mhlw/detail-000013-01_ユ_300090.html,1,13,2026-05-22T10:12:25+08:00
company-21f695d1,株式会社 エルフィンウエブ,株式会社 エルフィンウエブ,011-887-8641,,01-ユ-300102,有料職業紹介事業,北海道,北海道札幌市中央区北一条西十六丁目1-30 旭堂第1マンション知事公館前702号室,https://jinzai.hellowork.mhlw.go.jp/JinzaiWeb/GICB102030.do?screenId=GICB102030&action=detail&detkey_Detail=01-%E3%83%A6-300102%2C0+++++,data/raw/mhlw/detail-000014-01_ユ_300102.html,1,14,2026-05-22T10:12:25+08:00
company-7d57a650,株式会社 ネオコーポレーション,株式会社 ネオコーポレーション,011-208-7117,,01-ユ-300106,有料職業紹介事業,北海道,北海道札幌市中央区大通西十四丁目1番地14 NEO bldg. 3F 4F,https://jinzai.hellowork.mhlw.go.jp/JinzaiWeb/GICB102030.do?screenId=GICB102030&action=detail&detkey_Detail=01-%E3%83%A6-300106%2C0+++++,data/raw/mhlw/detail-000015-01_ユ_300106.html,1,15,2026-05-22T10:12:25+08:00
company-2111bd8a,株式会社 ＢＥＣＫ,株式会社 ＢＥＣＫ,011-706-0077,,01-ユ-300143,有料職業紹介事業,北海道,北海道札幌市北区北33条西2丁目1番7号 ＳＡＫＵＲＡ-Ｎ33 Ｂ室,https://jinzai.hellowork.mhlw.go.jp/JinzaiWeb/GICB102030.do?screenId=GICB102030&action=detail&detkey_Detail=01-%E3%83%A6-300143%2C0+++++,data/raw/mhlw/detail-000016-01_ユ_300143.html,1,16,2026-05-22T10:12:25+08:00
company-495e6b3d,リンケージサービス 株式会社,リンケージサービス 株式会社,011-272-2234,,01-ユ-300185,有料職業紹介事業,北海道,北海道札幌市中央区北二条西二丁目15番地 ＳＴＶ北2条ビル2階,https://jinzai.hellowork.mhlw.go.jp/JinzaiWeb/GICB102030.do?screenId=GICB102030&action=detail&detkey_Detail=01-%E3%83%A6-300185%2C1+++++,data/raw/mhlw/detail-000017-01_ユ_300185.html,1,17,2026-05-22T10:12:25+08:00
company-90b81456,リンケージサービス 株式会社,リンケージサービス 株式会社 東京支店,03-6809-1318,,01-ユ-300185,有料職業紹介事業,東京都,東京都千代田区丸の内三丁目4番1号 新国際ビル9階,https://jinzai.hellowork.mhlw.go.jp/JinzaiWeb/GICB102030.do?screenId=GICB102030&action=detail&detkey_Detail=01-%E3%83%A6-300185%2C2+++++,data/raw/mhlw/detail-000018-01_ユ_300185.html,1,18,2026-05-22T10:12:25+08:00
company-e44a782b,株式会社 ヤマダイグループ,株式会社 ヤマダイグループ 函館オフィス,0138-48-0350,,01-ユ-300246,有料職業紹介事業,北海道,北海道北斗市七重浜1丁目8番1号,https://jinzai.hellowork.mhlw.go.jp/JinzaiWeb/GICB102030.do?screenId=GICB102030&action=detail&detkey_Detail=01-%E3%83%A6-300246%2C1+++++,data/raw/mhlw/detail-000019-01_ユ_300246.html,1,19,2026-05-22T10:12:25+08:00
company-58542413,株式会社 ヤマダイグループ,株式会社 ヤマダイグループ 札幌オフィス,011-522-9207,,01-ユ-300246,有料職業紹介事業,北海道,北海道札幌市中央区北2条西2丁目34番地 フージャース札幌ビル7階,https://jinzai.hellowork.mhlw.go.jp/JinzaiWeb/GICB102030.do?screenId=GICB102030&action=detail&detkey_Detail=01-%E3%83%A6-300246%2C2+++++,data/raw/mhlw/detail-000020-01_ユ_300246.html,1,20,2026-05-22T10:12:25+08:00
company-90534e23,株式会社 プロサポート物流,株式会社 プロサポート物流,011-204-8833,,01-ユ-300259,有料職業紹介事業,北海道,北海道札幌市中央区北五条西九丁目17番地11,https://jinzai.hellowork.mhlw.go.jp/JinzaiWeb/GICB102030.do?screenId=GICB102030&action=detail&detkey_Detail=01-%E3%83%A6-300259%2C1+++++,data/raw/mhlw/detail-000021-01_ユ_300259.html,2,1,2026-05-22T10:12:25+08:00
company-e3451244,株式会社 札総,株式会社 札総,011-676-7800,,01-ユ-300273,有料職業紹介事業,北海道,北海道札幌市中央区北4条西16丁目1 ﾃﾙｳｪﾙ札幌第1ﾋﾞﾙ6F,https://jinzai.hellowork.mhlw.go.jp/JinzaiWeb/GICB102030.do?screenId=GICB102030&action=detail&detkey_Detail=01-%E3%83%A6-300273%2C1+++++,data/raw/mhlw/detail-000022-01_ユ_300273.html,2,2,2026-05-22T10:12:25+08:00
company-dd61c9e6,合同会社エム・アイ・エス札幌,合同会社エム・アイ・エス札幌,090-7653-3636,,01-ユ-300319,有料職業紹介事業,北海道,北海道札幌市厚別区厚別中央3条3丁目15番12号,https://jinzai.hellowork.mhlw.go.jp/JinzaiWeb/GICB102030.do?screenId=GICB102030&action=detail&detkey_Detail=01-%E3%83%A6-300319%2C1+++++,data/raw/mhlw/detail-000023-01_ユ_300319.html,2,3,2026-05-22T10:12:25+08:00
company-a77dfeed,株式会社 ＧＳＩ,株式会社 ＧＳＩ,011-726-7771,,01-ユ-300333,有料職業紹介事業,北海道,北海道札幌市北区北7条西1丁目1番地2 SE札幌ﾋﾞﾙ13階,https://jinzai.hellowork.mhlw.go.jp/JinzaiWeb/GICB102030.do?screenId=GICB102030&action=detail&detkey_Detail=01-%E3%83%A6-300333%2C1+++++,data/raw/mhlw/detail-000024-01_ユ_300333.html,2,4,2026-05-22T10:12:25+08:00
company-a883a512,株式会社ドルフィン,株式会社ドルフィン 横浜営業所,045-228-8262,,01-ユ-300341,有料職業紹介事業,神奈川県,神奈川県横浜市中区常盤町1丁目2番1号 サンネット関内ビル9FAｰ2号室,https://jinzai.hellowork.mhlw.go.jp/JinzaiWeb/GICB102030.do?screenId=GICB102030&action=detail&detkey_Detail=01-%E3%83%A6-300341%2C1+++++,data/raw/mhlw/detail-000025-01_ユ_300341.html,2,5,2026-05-22T10:12:25+08:00
company-54c52725,株式会社エス・エム・エスサポートサービス,株式会社エス・エム・エスサポートサービス 札幌事業所,050-1741-5555,,01-ユ-300356,有料職業紹介事業,北海道,北海道札幌市中央区北5条西2丁目5番地 JRタワーオフィスプラザさっぽろ 18F 19F,https://jinzai.hellowork.mhlw.go.jp/JinzaiWeb/GICB102030.do?screenId=GICB102030&action=detail&detkey_Detail=01-%E3%83%A6-300356%2C1+++++,data/raw/mhlw/detail-000026-01_ユ_300356.html,2,6,2026-05-22T10:12:25+08:00
company-ef13f146,株式会社 ノースグリーン,株式会社 ノースグリーン,0166-73-3337,,01-ユ-300357,有料職業紹介事業,北海道,北海道旭川市宮下通18丁目606番地5,https://jinzai.hellowork.mhlw.go.jp/JinzaiWeb/GICB102030.do?screenId=GICB102030&action=detail&detkey_Detail=01-%E3%83%A6-300357%2C1+++++,data/raw/mhlw/detail-000027-01_ユ_300357.html,2,7,2026-05-22T10:12:25+08:00
company-9d56a610,株式会社グラン・メディコ,株式会社グラン・メディコ,011-898-7700,,01-ユ-300362,有料職業紹介事業,北海道,北海道札幌市厚別区厚別東4条2丁目1番37号,https://jinzai.hellowork.mhlw.go.jp/JinzaiWeb/GICB102030.do?screenId=GICB102030&action=detail&detkey_Detail=01-%E3%83%A6-300362%2C1+++++,data/raw/mhlw/detail-000028-01_ユ_300362.html,2,8,2026-05-22T10:12:25+08:00
company-8964c5c7,三鉱建設株式会社,三鉱建設株式会社,0125-52-3111,,01-ユ-300363,有料職業紹介事業,北海道,北海道砂川市東1条南18丁目1番31号,https://jinzai.hellowork.mhlw.go.jp/JinzaiWeb/GICB102030.do?screenId=GICB102030&action=detail&detkey_Detail=01-%E3%83%A6-300363%2C1+++++,data/raw/mhlw/detail-000029-01_ユ_300363.html,2,9,2026-05-22T10:12:25+08:00
company-d7a3f304,株式会社大原キャリアスタッフ北海道,株式会社大原キャリアスタッフ北海道,011-707-1211,,01-ユ-300364,有料職業紹介事業,北海道,北海道札幌市北区北６条西８丁目８番地４ 大原法律公務員専門学校２階,https://jinzai.hellowork.mhlw.go.jp/JinzaiWeb/GICB102030.do?screenId=GICB102030&action=detail&detkey_Detail=01-%E3%83%A6-300364%2C1+++++,data/raw/mhlw/detail-000030-01_ユ_300364.html,2,10,2026-05-22T10:12:25+08:00
company-7106e213,株式会社 エーピーアール,株式会社 エーピーアール North Career（ノースキャリア）,011-211-1047,,01-ユ-300390,有料職業紹介事業,北海道,北海道札幌市中央区南8条西10丁目1277番1 サンライズ5 2階201,https://jinzai.hellowork.mhlw.go.jp/JinzaiWeb/GICB102030.do?screenId=GICB102030&action=detail&detkey_Detail=01-%E3%83%A6-300390%2C1+++++,data/raw/mhlw/detail-000031-01_ユ_300390.html,2,11,2026-05-22T10:12:25+08:00
company-8ba60540,楡創研 株式会社,楡創研 株式会社,011-233-4919,,01-ユ-300395,有料職業紹介事業,北海道,北海道札幌市中央区南一条西四丁目13番地 日之出ビル8階,https://jinzai.hellowork.mhlw.go.jp/JinzaiWeb/GICB102030.do?screenId=GICB102030&action=detail&detkey_Detail=01-%E3%83%A6-300395%2C1+++++,data/raw/mhlw/detail-000032-01_ユ_300395.html,2,12,2026-05-22T10:12:25+08:00
company-c7679cbe,株式会社 ソフトガーデン,株式会社 ソフトガーデン 本社事業所,011-211-4435,,01-ユ-300398,有料職業紹介事業,北海道,北海道札幌市中央区南1条東3丁目10番13号 アイパスビル3階,https://jinzai.hellowork.mhlw.go.jp/JinzaiWeb/GICB102030.do?screenId=GICB102030&action=detail&detkey_Detail=01-%E3%83%A6-300398%2C1+++++,data/raw/mhlw/detail-000033-01_ユ_300398.html,2,13,2026-05-22T10:12:25+08:00
company-5199a227,株式会社 ソフトガーデン,株式会社 ソフトガーデン 横浜事業所,045-594-7544,,01-ユ-300398,有料職業紹介事業,神奈川県,神奈川県横浜市港北区新横浜三丁目7番地18 日総第18ビル 7階 721号室,https://jinzai.hellowork.mhlw.go.jp/JinzaiWeb/GICB102030.do?screenId=GICB102030&action=detail&detkey_Detail=01-%E3%83%A6-300398%2C2+++++,data/raw/mhlw/detail-000034-01_ユ_300398.html,2,14,2026-05-22T10:12:25+08:00
company-6460faa6,伊達環境管理株式会社,伊達環境管理株式会社,0142-25-3391,,01-ユ-300404,有料職業紹介事業,北海道,北海道伊達市末永町58番地10,https://jinzai.hellowork.mhlw.go.jp/JinzaiWeb/GICB102030.do?screenId=GICB102030&action=detail&detkey_Detail=01-%E3%83%A6-300404%2C1+++++,data/raw/mhlw/detail-000035-01_ユ_300404.html,2,15,2026-05-22T10:12:25+08:00
company-509ae6cc,株式会社 ＮＴＴネクシア,株式会社 ＮＴＴネクシア 東日本,03-6384-3934,,01-ユ-300412,有料職業紹介事業,東京都,東京都港区虎ノ門三丁目8番21号 虎ノ門33森ビル9階,https://jinzai.hellowork.mhlw.go.jp/JinzaiWeb/GICB102030.do?screenId=GICB102030&action=detail&detkey_Detail=01-%E3%83%A6-300412%2C0+++++,data/raw/mhlw/detail-000036-01_ユ_300412.html,2,16,2026-05-22T10:12:25+08:00
company-81eec7c3,株式会社 ＮＴＴネクシア,株式会社 ＮＴＴネクシア 西日本,06-6314-0120,,01-ユ-300412,有料職業紹介事業,大阪府,大阪府大阪市北区角田町１‐１２ 阪急ファイブアネックス１２階,https://jinzai.hellowork.mhlw.go.jp/JinzaiWeb/GICB102030.do?screenId=GICB102030&action=detail&detkey_Detail=01-%E3%83%A6-300412%2C2+++++,data/raw/mhlw/detail-000037-01_ユ_300412.html,2,17,2026-05-22T10:12:25+08:00
company-bdec1b1d,株式会社 ＮＴＴネクシア,株式会社 ＮＴＴネクシア 札幌,011-241-9583,,01-ユ-300412,有料職業紹介事業,北海道,北海道札幌市中央区北三条西4丁目1番地1 日本生命札幌ビル18階,https://jinzai.hellowork.mhlw.go.jp/JinzaiWeb/GICB102030.do?screenId=GICB102030&action=detail&detkey_Detail=01-%E3%83%A6-300412%2C18++++,data/raw/mhlw/detail-000038-01_ユ_300412.html,2,18,2026-05-22T10:12:25+08:00
company-e93e0b5e,株式会社 Ｍａｍｍｙ Ｐｒｏ,株式会社 Ｍａｍｍｙ Ｐｒｏ Ｍａｍｍｙ Ｌｏｕｎｇｅ,011-206-9150,,01-ユ-300415,有料職業紹介事業,北海道,北海道札幌市中央区大通西18丁目2-5 小島ビル3F,https://jinzai.hellowork.mhlw.go.jp/JinzaiWeb/GICB102030.do?screenId=GICB102030&action=detail&detkey_Detail=01-%E3%83%A6-300415%2C1+++++,data/raw/mhlw/detail-000039-01_ユ_300415.html,2,19,2026-05-22T10:12:25+08:00
company-183cda18,小石川 志津加,ＳＫワーク,0144-77-5913,,01-ユ-300430,有料職業紹介事業,北海道,北海道苫小牧市有珠の沢町2丁目11番3号,https://jinzai.hellowork.mhlw.go.jp/JinzaiWeb/GICB102030.do?screenId=GICB102030&action=detail&detkey_Detail=01-%E3%83%A6-300430%2C1+++++,data/raw/mhlw/detail-000040-01_ユ_300430.html,2,20,2026-05-22T10:12:25+08:00
company-a190ca12,株式会社 ＨＫＳ ＪＡＰＡＮ,株式会社 ＨＫＳ ＪＡＰＡＮ,0123-21-8092,,01-ユ-300436,有料職業紹介事業,北海道,北海道千歳市富丘4丁目1-7 ダイヤモンドビル210号,https://jinzai.hellowork.mhlw.go.jp/JinzaiWeb/GICB102030.do?screenId=GICB102030&action=detail&detkey_Detail=01-%E3%83%A6-300436%2C1+++++,data/raw/mhlw/detail-000041-01_ユ_300436.html,3,1,2026-05-22T10:12:25+08:00
company-f63f5b74,社会医療法人社団 三草会,社会医療法人社団 三草会 クラークワークサポートセンター,011-782-6160,https://clarkwsc.web.fc2.com/,01-ユ-300443,有料職業紹介事業,北海道,北海道札幌市東区本町2条4丁目8番20号 管理棟1階,https://jinzai.hellowork.mhlw.go.jp/JinzaiWeb/GICB102030.do?screenId=GICB102030&action=detail&detkey_Detail=01-%E3%83%A6-300443%2C1+++++,data/raw/mhlw/detail-000042-01_ユ_300443.html,3,2,2026-05-22T10:12:25+08:00
company-e8be14dc,株式会社 サンコー,株式会社 サンコー 情報処理センター,011-885-3500,,01-ユ-300446,有料職業紹介事業,北海道,北海道札幌市清田区北野二条三丁目11番22号 サンコー情報処理センタービル1F、2F,https://jinzai.hellowork.mhlw.go.jp/JinzaiWeb/GICB102030.do?screenId=GICB102030&action=detail&detkey_Detail=01-%E3%83%A6-300446%2C1+++++,data/raw/mhlw/detail-000043-01_ユ_300446.html,3,3,2026-05-22T10:12:25+08:00
company-ff8b1207,株式会社 ＳＰＩ,株式会社 ＳＰＩ,0123-25-9212,,01-ユ-300447,有料職業紹介事業,北海道,北海道千歳市富士一丁目1番地5,https://jinzai.hellowork.mhlw.go.jp/JinzaiWeb/GICB102030.do?screenId=GICB102030&action=detail&detkey_Detail=01-%E3%83%A6-300447%2C1+++++,data/raw/mhlw/detail-000044-01_ユ_300447.html,3,4,2026-05-22T10:12:25+08:00
company-36e5f022,株式会社 ビツグベン,株式会社 ビッグベン,011-775-5730,,01-ユ-300461,有料職業紹介事業,北海道,北海道札幌市北区太平五条一丁目5番5号,https://jinzai.hellowork.mhlw.go.jp/JinzaiWeb/GICB102030.do?screenId=GICB102030&action=detail&detkey_Detail=01-%E3%83%A6-300461%2C1+++++,data/raw/mhlw/detail-000045-01_ユ_300461.html,3,5,2026-05-22T10:12:25+08:00
company-b0ff65e1,株式会社 ノーステクノロジー,株式会社 ノーステクノロジー,011-707-5344,,01-ユ-300472,有料職業紹介事業,北海道,北海道札幌市北区北九条西三丁目1番地1 パワービル札幌駅前2階,https://jinzai.hellowork.mhlw.go.jp/JinzaiWeb/GICB102030.do?screenId=GICB102030&action=detail&detkey_Detail=01-%E3%83%A6-300472%2C1+++++,data/raw/mhlw/detail-000046-01_ユ_300472.html,3,6,2026-05-22T10:12:25+08:00
company-f2ec46a8,合通プラス 株式会社,合通プラス 株式会社,0144-84-8071,,01-ユ-300476,有料職業紹介事業,北海道,北海道苫小牧市字柏原6番地245 株式会社合通ロジ1階,https://jinzai.hellowork.mhlw.go.jp/JinzaiWeb/GICB102030.do?screenId=GICB102030&action=detail&detkey_Detail=01-%E3%83%A6-300476%2C1+++++,data/raw/mhlw/detail-000047-01_ユ_300476.html,3,7,2026-05-22T10:12:25+08:00
company-26b23460,株式会社 サクライサービス,株式会社 サクライサービス,011-881-1788,,01-ユ-300483,有料職業紹介事業,北海道,北海道札幌市清田区清田2条3丁目2番6号,https://jinzai.hellowork.mhlw.go.jp/JinzaiWeb/GICB102030.do?screenId=GICB102030&action=detail&detkey_Detail=01-%E3%83%A6-300483%2C1+++++,data/raw/mhlw/detail-000048-01_ユ_300483.html,3,8,2026-05-22T10:12:25+08:00
company-02bd96ba,株式会社 ドリームサポート,株式会社 ドリームサポート,0155-30-1050,,01-ユ-300502,有料職業紹介事業,北海道,北海道河東郡音更町木野大通西9丁目2番地 創和ビル201号室,https://jinzai.hellowork.mhlw.go.jp/JinzaiWeb/GICB102030.do?screenId=GICB102030&action=detail&detkey_Detail=01-%E3%83%A6-300502%2C1+++++,data/raw/mhlw/detail-000049-01_ユ_300502.html,3,9,2026-05-22T10:12:25+08:00
company-5d765acd,有限会社 コミュニティ,有限会社 コミュニティ,0158-24-6522,,01-ユ-300520,有料職業紹介事業,北海道,北海道紋別市大山町一丁目36番14号,https://jinzai.hellowork.mhlw.go.jp/JinzaiWeb/GICB102030.do?screenId=GICB102030&action=detail&detkey_Detail=01-%E3%83%A6-300520%2C1+++++,data/raw/mhlw/detail-000050-01_ユ_300520.html,3,10,2026-05-22T10:12:25+08:00
company-3620cec6,株式会社 １３１,株式会社 １３１,011-612-0131,,01-ユ-300530,有料職業紹介事業,北海道,北海道札幌市中央区大通西十五丁目1番地12 マンション大通1001号,https://jinzai.hellowork.mhlw.go.jp/JinzaiWeb/GICB102030.do?screenId=GICB102030&action=detail&detkey_Detail=01-%E3%83%A6-300530%2C1+++++,data/raw/mhlw/detail-000051-01_ユ_300530.html,3,11,2026-05-22T10:12:25+08:00
company-5a4c7851,エイトカラーファームズ 株式会社,エイトカラーファームズ 株式会社,0145-47-7811,,01-ユ-300532,有料職業紹介事業,北海道,北海道勇払郡むかわ町米原479番地3,https://jinzai.hellowork.mhlw.go.jp/JinzaiWeb/GICB102030.do?screenId=GICB102030&action=detail&detkey_Detail=01-%E3%83%A6-300532%2C1+++++,data/raw/mhlw/detail-000052-01_ユ_300532.html,3,12,2026-05-22T10:12:25+08:00
company-9cd356d0,おかげさまカンパニー 株式会社,おかげさまカンパニー 株式会社,090-7513-8862,,01-ユ-300533,有料職業紹介事業,北海道,北海道札幌市白石区本郷通三丁目南4番23号,https://jinzai.hellowork.mhlw.go.jp/JinzaiWeb/GICB102030.do?screenId=GICB102030&action=detail&detkey_Detail=01-%E3%83%A6-300533%2C1+++++,data/raw/mhlw/detail-000053-01_ユ_300533.html,3,13,2026-05-22T10:12:25+08:00
company-c86446a0,千歳相互観光バス 株式会社,千歳相互観光バス 株式会社 札幌営業所,011-377-8811,,01-ユ-300543,有料職業紹介事業,北海道,北海道北広島市輪厚431番3,https://jinzai.hellowork.mhlw.go.jp/JinzaiWeb/GICB102030.do?screenId=GICB102030&action=detail&detkey_Detail=01-%E3%83%A6-300543%2C1+++++,data/raw/mhlw/detail-000054-01_ユ_300543.html,3,14,2026-05-22T10:12:25+08:00
company-2dc50941,特定非営利活動法人 北海道ＮＰＯサポートセンター,北海道ＮＰＯサポートセンター 有料職業紹介所,070-5289-4135,,01-ユ-300547,有料職業紹介事業,北海道,北海道札幌市中央区南八条西二丁目5番74 市民活動プラザ星園,https://jinzai.hellowork.mhlw.go.jp/JinzaiWeb/GICB102030.do?screenId=GICB102030&action=detail&detkey_Detail=01-%E3%83%A6-300547%2C1+++++,data/raw/mhlw/detail-000055-01_ユ_300547.html,3,15,2026-05-22T10:12:25+08:00
company-4a4935ac,株式会社ＭＩＫ,株式会社ＭＩＫ,011-299-7361,,01-ユ-300554,有料職業紹介事業,北海道,北海道札幌市北区北十四条西三丁目2-21,https://jinzai.hellowork.mhlw.go.jp/JinzaiWeb/GICB102030.do?screenId=GICB102030&action=detail&detkey_Detail=01-%E3%83%A6-300554%2C1+++++,data/raw/mhlw/detail-000056-01_ユ_300554.html,3,16,2026-05-22T10:12:25+08:00
company-fda78e37,株式会社 ガロード,株式会社 ガロード,0155-67-8961,,01-ユ-300555,有料職業紹介事業,北海道,北海道帯広市西二十三条南一丁目133番地5 2F,https://jinzai.hellowork.mhlw.go.jp/JinzaiWeb/GICB102030.do?screenId=GICB102030&action=detail&detkey_Detail=01-%E3%83%A6-300555%2C1+++++,data/raw/mhlw/detail-000057-01_ユ_300555.html,3,17,2026-05-22T10:12:25+08:00
company-57e0da4d,株式会社 ドリーム,株式会社 ドリーム,011-381-3299,,01-ユ-300564,有料職業紹介事業,北海道,北海道江別市工栄町8番地の11 ニホンフラッシュ（株）敷地内倉庫2 F,https://jinzai.hellowork.mhlw.go.jp/JinzaiWeb/GICB102030.do?screenId=GICB102030&action=detail&detkey_Detail=01-%E3%83%A6-300564%2C1+++++,data/raw/mhlw/detail-000058-01_ユ_300564.html,3,18,2026-05-22T10:12:25+08:00
company-f98f87c1,北日本産業 株式会社,北日本産業株式会社 苫小牧営業所,0144-51-6888,,01-ユ-300569,有料職業紹介事業,北海道,北海道苫小牧市新開町3丁目17番2号,https://jinzai.hellowork.mhlw.go.jp/JinzaiWeb/GICB102030.do?screenId=GICB102030&action=detail&detkey_Detail=01-%E3%83%A6-300569%2C1+++++,data/raw/mhlw/detail-000059-01_ユ_300569.html,3,19,2026-05-22T10:12:25+08:00
company-b67942cb,フロンティアパートナーＦＡＳ 株式会社,フロンティアパートナーＦＡＳ 株式会社,070-6605-0508,,01-ユ-300570,有料職業紹介事業,北海道,北海道帯広市西七条南六丁目1番地4,https://jinzai.hellowork.mhlw.go.jp/JinzaiWeb/GICB102030.do?screenId=GICB102030&action=detail&detkey_Detail=01-%E3%83%A6-300570%2C1+++++,data/raw/mhlw/detail-000060-01_ユ_300570.html,3,20,2026-05-22T10:12:25+08:00
company-8e30d72a,株式会社 池内システムサービス,株式会社 池内システムサービス,011-211-6185,,01-ユ-300581,有料職業紹介事業,北海道,北海道札幌市中央区南一条西二丁目18番地 ＩＫＥＵＣＨＩ ＧＡＴＥ 3階,https://jinzai.hellowork.mhlw.go.jp/JinzaiWeb/GICB102030.do?screenId=GICB102030&action=detail&detkey_Detail=01-%E3%83%A6-300581%2C1+++++,data/raw/mhlw/detail-000061-01_ユ_300581.html,4,1,2026-05-22T10:12:25+08:00
company-d673e07a,株式会社 トーホーエンジニアリング,株式会社 トーホーエンジニアリング,011-837-8010,,01-ユ-300590,有料職業紹介事業,北海道,北海道札幌市豊平区平岸2条6丁目1番14号 三慶ビル3階,https://jinzai.hellowork.mhlw.go.jp/JinzaiWeb/GICB102030.do?screenId=GICB102030&action=detail&detkey_Detail=01-%E3%83%A6-300590%2C1+++++,data/raw/mhlw/detail-000062-01_ユ_300590.html,4,2,2026-05-22T10:12:25+08:00
company-6f9ee6f7,株式会社 ｋａｎｐｒｏ‐ｗｏｒｋ,株式会社 ｋａｎｐｒｏ‐ｗｏｒｋ,011-676-4378,,01-ユ-300591,有料職業紹介事業,北海道,北海道札幌市北区北14条西1丁目1‐15 シティハイムジュネス1階101号室,https://jinzai.hellowork.mhlw.go.jp/JinzaiWeb/GICB102030.do?screenId=GICB102030&action=detail&detkey_Detail=01-%E3%83%A6-300591%2C1+++++,data/raw/mhlw/detail-000063-01_ユ_300591.html,4,3,2026-05-22T10:12:25+08:00
company-307b6ad9,株式会社 かんだ,株式会社 かんだ,0138-43-5000,,01-ユ-300602,有料職業紹介事業,北海道,北海道函館市亀田本町61番14号,https://jinzai.hellowork.mhlw.go.jp/JinzaiWeb/GICB102030.do?screenId=GICB102030&action=detail&detkey_Detail=01-%E3%83%A6-300602%2C1+++++,data/raw/mhlw/detail-000064-01_ユ_300602.html,4,4,2026-05-22T10:12:25+08:00
company-3ef9383d,坂口 眞一,人財派遣ＫＯＳＥＩ（坂口眞一）,090-1647-6161,,01-ユ-300605,有料職業紹介事業,北海道,北海道函館市本町10番9号 藤ビル3階,https://jinzai.hellowork.mhlw.go.jp/JinzaiWeb/GICB102030.do?screenId=GICB102030&action=detail&detkey_Detail=01-%E3%83%A6-300605%2C1+++++,data/raw/mhlw/detail-000065-01_ユ_300605.html,4,5,2026-05-22T10:12:25+08:00
company-1feaf1c3,株式会社 エス・イー・ジャパン,株式会社 エス・イー・ジャパン,011-577-1396,,01-ユ-300607,有料職業紹介事業,北海道,北海道札幌市中央区南1条東3丁目10ｰ13 アイパスビル301,https://jinzai.hellowork.mhlw.go.jp/JinzaiWeb/GICB102030.do?screenId=GICB102030&action=detail&detkey_Detail=01-%E3%83%A6-300607%2C1+++++,data/raw/mhlw/detail-000066-01_ユ_300607.html,4,6,2026-05-22T10:12:25+08:00
company-b2f6580c,株式会社 ギヤサポート,株式会社 ギヤサポート,0155-29-2126,,01-ユ-300621,有料職業紹介事業,北海道,北海道帯広市新町西5丁目14 すみれ1階,https://jinzai.hellowork.mhlw.go.jp/JinzaiWeb/GICB102030.do?screenId=GICB102030&action=detail&detkey_Detail=01-%E3%83%A6-300621%2C1+++++,data/raw/mhlw/detail-000067-01_ユ_300621.html,4,7,2026-05-22T10:12:25+08:00
company-9ff1c8b1,株式会社 ミュートネット,株式会社 ミュートネット,0138-66-2201,,01-ユ-300639,有料職業紹介事業,北海道,北海道亀田郡七飯町鳴川五丁目12番9号,https://jinzai.hellowork.mhlw.go.jp/JinzaiWeb/GICB102030.do?screenId=GICB102030&action=detail&detkey_Detail=01-%E3%83%A6-300639%2C1+++++,data/raw/mhlw/detail-000068-01_ユ_300639.html,4,8,2026-05-22T10:12:25+08:00
company-df28e5dc,株式会社 一寸房,株式会社 一寸房 本社営業所,011-215-0127,,01-ユ-300641,有料職業紹介事業,北海道,北海道札幌市中央区北二条西二丁目41番地 札幌2･2ビル9F,https://jinzai.hellowork.mhlw.go.jp/JinzaiWeb/GICB102030.do?screenId=GICB102030&action=detail&detkey_Detail=01-%E3%83%A6-300641%2C1+++++,data/raw/mhlw/detail-000069-01_ユ_300641.html,4,9,2026-05-22T10:12:25+08:00
company-35deb070,株式会社 Ｓ．Ｉ．Ｃ,株式会社 Ｓ．Ｉ．Ｃ,0155-66-6475,,01-ユ-300642,有料職業紹介事業,北海道,北海道河西郡芽室町東芽室基線2番地21,https://jinzai.hellowork.mhlw.go.jp/JinzaiWeb/GICB102030.do?screenId=GICB102030&action=detail&detkey_Detail=01-%E3%83%A6-300642%2C1+++++,data/raw/mhlw/detail-000070-01_ユ_300642.html,4,10,2026-05-22T10:12:25+08:00
company-27caec90,荒井 輝夫,Ｔ＆Ａ ＹＯＫＵＳＵＲＵ,080-4395-4246,,01-ユ-300655,有料職業紹介事業,北海道,北海道札幌市中央区宮の森4条12丁目6番29号,https://jinzai.hellowork.mhlw.go.jp/JinzaiWeb/GICB102030.do?screenId=GICB102030&action=detail&detkey_Detail=01-%E3%83%A6-300655%2C1+++++,data/raw/mhlw/detail-000071-01_ユ_300655.html,4,11,2026-05-22T10:12:25+08:00
company-fcf7fbfb,株式会社 キャリアパートナー,株式会社 キャリアパートナー,011-200-0108,,01-ユ-300665,有料職業紹介事業,北海道,北海道札幌市中央区北一条西三丁目3番地41 マルイト時計台前ビル5階,https://jinzai.hellowork.mhlw.go.jp/JinzaiWeb/GICB102030.do?screenId=GICB102030&action=detail&detkey_Detail=01-%E3%83%A6-300665%2C1+++++,data/raw/mhlw/detail-000072-01_ユ_300665.html,4,12,2026-05-22T10:12:25+08:00
company-7d3127c6,株式会社 コミュニティーワークス,株式会社 コミュニティーワークス,0126-33-9214,,01-ユ-300669,有料職業紹介事業,北海道,北海道岩見沢市駒園1丁目1番32号,https://jinzai.hellowork.mhlw.go.jp/JinzaiWeb/GICB102030.do?screenId=GICB102030&action=detail&detkey_Detail=01-%E3%83%A6-300669%2C1+++++,data/raw/mhlw/detail-000073-01_ユ_300669.html,4,13,2026-05-22T10:12:25+08:00
company-59edd624,株式会社 ＬＥＡＦ,株式会社 ＬＥＡＦ,011-522-8839,,01-ユ-300674,有料職業紹介事業,北海道,北海道札幌市中央区南一条西八丁目6番地2 ＳＩＴＹビル6階,https://jinzai.hellowork.mhlw.go.jp/JinzaiWeb/GICB102030.do?screenId=GICB102030&action=detail&detkey_Detail=01-%E3%83%A6-300674%2C1+++++,data/raw/mhlw/detail-000074-01_ユ_300674.html,4,14,2026-05-22T10:12:25+08:00
company-02b088cf,株式会社 ノースモバイル,株式会社 ノースモバイル,011-218-4142,,01-ユ-300677,有料職業紹介事業,北海道,北海道札幌市中央区北1条西3丁目3－6 ばらと北1条ビル7階,https://jinzai.hellowork.mhlw.go.jp/JinzaiWeb/GICB102030.do?screenId=GICB102030&action=detail&detkey_Detail=01-%E3%83%A6-300677%2C1+++++,data/raw/mhlw/detail-000075-01_ユ_300677.html,4,15,2026-05-22T10:12:25+08:00
company-45e3306d,株式会社 オガワヤ,株式会社 オガワヤ,090-2819-9647,,01-ユ-300680,有料職業紹介事業,北海道,北海道札幌市北区北13条西4丁目1ｰ2 第一志水ビル2階,https://jinzai.hellowork.mhlw.go.jp/JinzaiWeb/GICB102030.do?screenId=GICB102030&action=detail&detkey_Detail=01-%E3%83%A6-300680%2C1+++++,data/raw/mhlw/detail-000076-01_ユ_300680.html,4,16,2026-05-22T10:12:25+08:00
company-f7027ed6,Ｎ＆ｓｔａｒ 合同会社,Ｎ＆ｓｔａｒ 合同会社,070-4795-3955,,01-ユ-300690,有料職業紹介事業,北海道,北海道新冠郡新冠町字万世15番地の2,https://jinzai.hellowork.mhlw.go.jp/JinzaiWeb/GICB102030.do?screenId=GICB102030&action=detail&detkey_Detail=01-%E3%83%A6-300690%2C1+++++,data/raw/mhlw/detail-000077-01_ユ_300690.html,4,17,2026-05-22T10:12:25+08:00
company-c0314bce,株式会社 ＹＮＳトラスト,株式会社 ＹＮＳトラスト,090-5076-2927,,01-ユ-300705,有料職業紹介事業,北海道,北海道札幌市豊平区豊平1条2丁目1番27－702号,https://jinzai.hellowork.mhlw.go.jp/JinzaiWeb/GICB102030.do?screenId=GICB102030&action=detail&detkey_Detail=01-%E3%83%A6-300705%2C1+++++,data/raw/mhlw/detail-000078-01_ユ_300705.html,4,18,2026-05-22T10:12:25+08:00
company-33e2bcc5,名美興業 株式会社,名美興業 株式会社,0138-31-5389,,01-ユ-300740,有料職業紹介事業,北海道,北海道函館市梁川町1番5号,https://jinzai.hellowork.mhlw.go.jp/JinzaiWeb/GICB102030.do?screenId=GICB102030&action=detail&detkey_Detail=01-%E3%83%A6-300740%2C1+++++,data/raw/mhlw/detail-000079-01_ユ_300740.html,4,19,2026-05-22T10:12:25+08:00
company-dff4f12e,鈴蘭ビルサービス 株式会社,鈴蘭ビルサービス 株式会社,0155-32-3800,,01-ユ-300741,有料職業紹介事業,北海道,北海道河東郡音更町南鈴蘭南2丁目4番地,https://jinzai.hellowork.mhlw.go.jp/JinzaiWeb/GICB102030.do?screenId=GICB102030&action=detail&detkey_Detail=01-%E3%83%A6-300741%2C1+++++,data/raw/mhlw/detail-000080-01_ユ_300741.html,4,20,2026-05-22T10:12:25+08:00
company-301b26e5,北海道農業協同組合中央会,北海道農業協同組合中央会,011-232-6411,,01-ユ-300747,有料職業紹介事業,北海道,北海道札幌市中央区北4条西1丁目1 北農ビル10階,https://jinzai.hellowork.mhlw.go.jp/JinzaiWeb/GICB102030.do?screenId=GICB102030&action=detail&detkey_Detail=01-%E3%83%A6-300747%2C1+++++,data/raw/mhlw/detail-000081-01_ユ_300747.html,5,1,2026-05-22T10:12:25+08:00
company-14c11b56,株式会社 Ｎｏｒｔｈ Ｌｕｃｅ,株式会社 Ｎｏｒｔｈ Ｌｕｃｅ,080-3506-0879,,01-ユ-300752,有料職業紹介事業,北海道,北海道札幌市豊平区福住1条3丁目13番1 ライオンズガーデン604号,https://jinzai.hellowork.mhlw.go.jp/JinzaiWeb/GICB102030.do?screenId=GICB102030&action=detail&detkey_Detail=01-%E3%83%A6-300752%2C1+++++,data/raw/mhlw/detail-000082-01_ユ_300752.html,5,2,2026-05-22T10:12:25+08:00
company-4e05c1b4,学校法人 北工学園,学校法人 北工学園,0166-82-4520,,01-ユ-300753,有料職業紹介事業,北海道,北海道上川郡東川町進化台785番地3,https://jinzai.hellowork.mhlw.go.jp/JinzaiWeb/GICB102030.do?screenId=GICB102030&action=detail&detkey_Detail=01-%E3%83%A6-300753%2C1+++++,data/raw/mhlw/detail-000083-01_ユ_300753.html,5,3,2026-05-22T10:12:25+08:00
company-218489b5,株式会社 セキュアスタッフ,株式会社 セキュアスタッフ,0166-74-7448,,01-ユ-300758,有料職業紹介事業,北海道,北海道旭川市一条通八丁目542番地4 一条緑橋通ビル8階,https://jinzai.hellowork.mhlw.go.jp/JinzaiWeb/GICB102030.do?screenId=GICB102030&action=detail&detkey_Detail=01-%E3%83%A6-300758%2C1+++++,data/raw/mhlw/detail-000084-01_ユ_300758.html,5,4,2026-05-22T10:12:25+08:00
company-bff54c38,株式会社 ＦＥＲＮＡ,株式会社 ＦＥＲＮＡ,0155-67-1016,,01-ユ-300767,有料職業紹介事業,北海道,北海道帯広市西5条北4丁目7番地8,https://jinzai.hellowork.mhlw.go.jp/JinzaiWeb/GICB102030.do?screenId=GICB102030&action=detail&detkey_Detail=01-%E3%83%A6-300767%2C1+++++,data/raw/mhlw/detail-000085-01_ユ_300767.html,5,5,2026-05-22T10:12:25+08:00
company-164148f7,一般社団法人 国際人材育成支援協会,一般社団法人 国際人材育成支援協会,011-330-8982,,01-ユ-300771,有料職業紹介事業,北海道,北海道札幌市白石区菊水元町一条五丁目4番13号,https://jinzai.hellowork.mhlw.go.jp/JinzaiWeb/GICB102030.do?screenId=GICB102030&action=detail&detkey_Detail=01-%E3%83%A6-300771%2C1+++++,data/raw/mhlw/detail-000086-01_ユ_300771.html,5,6,2026-05-22T10:12:25+08:00
company-6004b6fd,北海道倶楽部 株式会社,北海道倶楽部 株式会社,011-522-2201,,01-ユ-300778,有料職業紹介事業,北海道,北海道札幌市中央区南9条西3丁目10番97 札幌ＫＳビル4階401号室,https://jinzai.hellowork.mhlw.go.jp/JinzaiWeb/GICB102030.do?screenId=GICB102030&action=detail&detkey_Detail=01-%E3%83%A6-300778%2C1+++++,data/raw/mhlw/detail-000087-01_ユ_300778.html,5,7,2026-05-22T10:12:25+08:00
company-ba265401,Ｆｏｒｃｅ Ｌｉｎｋ Ｎｅｘｔ 株式会社,Ｆｏｒｃｅ Ｌｉｎｋ Ｎｅｘｔ 株式会社,011-376-5714,,01-ユ-300784,有料職業紹介事業,北海道,北海道札幌市白石区栄通二十丁目12番20号おおたビル2F,https://jinzai.hellowork.mhlw.go.jp/JinzaiWeb/GICB102030.do?screenId=GICB102030&action=detail&detkey_Detail=01-%E3%83%A6-300784%2C1+++++,data/raw/mhlw/detail-000088-01_ユ_300784.html,5,8,2026-05-22T10:12:25+08:00
company-aaa6bcc1,株式会社 Ａｕｂｕ,株式会社 Ａｕｂｕ,011-859-1113,,01-ユ-300786,有料職業紹介事業,北海道,北海道札幌市豊平区月寒東1条17丁目1番3号,https://jinzai.hellowork.mhlw.go.jp/JinzaiWeb/GICB102030.do?screenId=GICB102030&action=detail&detkey_Detail=01-%E3%83%A6-300786%2C1+++++,data/raw/mhlw/detail-000089-01_ユ_300786.html,5,9,2026-05-22T10:12:25+08:00
company-27981079,株式会社 ＦＡＢ,株式会社 ＦＡＢ,011-792-7217,,01-ユ-300797,有料職業紹介事業,北海道,北海道札幌市手稲区曙四条一丁目6番28号,https://jinzai.hellowork.mhlw.go.jp/JinzaiWeb/GICB102030.do?screenId=GICB102030&action=detail&detkey_Detail=01-%E3%83%A6-300797%2C1+++++,data/raw/mhlw/detail-000090-01_ユ_300797.html,5,10,2026-05-22T10:12:25+08:00
company-b34f069c,株式会社 ヒューマンイノベーションラボ,株式会社 ヒューマンイノベーションラボ,011-806-2726,,01-ユ-300821,有料職業紹介事業,北海道,北海道札幌市中央区北2条西2丁目32番地 第37桂和ビル6階,https://jinzai.hellowork.mhlw.go.jp/JinzaiWeb/GICB102030.do?screenId=GICB102030&action=detail&detkey_Detail=01-%E3%83%A6-300821%2C1+++++,data/raw/mhlw/detail-000091-01_ユ_300821.html,5,11,2026-05-22T10:12:25+08:00
company-023c0ef7,Ｒトラスト 合同会社,Ｒトラスト 合同会社,050-8892-0940,,01-ユ-300831,有料職業紹介事業,北海道,北海道伊達市舟岡町357番地22,https://jinzai.hellowork.mhlw.go.jp/JinzaiWeb/GICB102030.do?screenId=GICB102030&action=detail&detkey_Detail=01-%E3%83%A6-300831%2C1+++++,data/raw/mhlw/detail-000092-01_ユ_300831.html,5,12,2026-05-22T10:12:25+08:00
company-bd87d29e,アミューズメント北海道 株式会社,アミューズメント北海道 株式会社,011-219-1501,,01-ユ-300847,有料職業紹介事業,北海道,北海道札幌市中央区北4条西6丁目1 毎日札幌会館9階,https://jinzai.hellowork.mhlw.go.jp/JinzaiWeb/GICB102030.do?screenId=GICB102030&action=detail&detkey_Detail=01-%E3%83%A6-300847%2C1+++++,data/raw/mhlw/detail-000093-01_ユ_300847.html,5,13,2026-05-22T10:12:25+08:00
company-c288b86a,株式会社 ＪＡＰＡＮ ＱＵＡＬＩＴＹ,株式会社 ＪＡＰＡＮ ＱＵＡＬＩＴＹ,011-792-0058,,01-ユ-300851,有料職業紹介事業,北海道,北海道札幌市東区北28条東10丁目2番17号 Ｊ-ＳＴＡＲビル 3Ｆ,https://jinzai.hellowork.mhlw.go.jp/JinzaiWeb/GICB102030.do?screenId=GICB102030&action=detail&detkey_Detail=01-%E3%83%A6-300851%2C1+++++,data/raw/mhlw/detail-000094-01_ユ_300851.html,5,14,2026-05-22T10:12:25+08:00
company-028aa873,株式会社 ケイズ,株式会社 ケイズ,011-807-0299,,01-ユ-300863,有料職業紹介事業,北海道,北海道北広島市大曲並木2丁目6番地36,https://jinzai.hellowork.mhlw.go.jp/JinzaiWeb/GICB102030.do?screenId=GICB102030&action=detail&detkey_Detail=01-%E3%83%A6-300863%2C1+++++,data/raw/mhlw/detail-000095-01_ユ_300863.html,5,15,2026-05-22T10:12:25+08:00
company-b1d96198,株式会社 チセイ,株式会社 チセイ,0155-28-3378,,01-ユ-300874,有料職業紹介事業,北海道,北海道帯広市東十三条南三丁目1番地14,https://jinzai.hellowork.mhlw.go.jp/JinzaiWeb/GICB102030.do?screenId=GICB102030&action=detail&detkey_Detail=01-%E3%83%A6-300874%2C1+++++,data/raw/mhlw/detail-000096-01_ユ_300874.html,5,16,2026-05-22T10:12:25+08:00
company-2986ef04,ＮｅＸ 株式会社,ＮｅＸ 株式会社 本社オフィス,050-6868-2779,,01-ユ-300876,有料職業紹介事業,北海道,北海道札幌市豊平区平岸二条7丁目4-23 ラフレ平岸805,https://jinzai.hellowork.mhlw.go.jp/JinzaiWeb/GICB102030.do?screenId=GICB102030&action=detail&detkey_Detail=01-%E3%83%A6-300876%2C1+++++,data/raw/mhlw/detail-000097-01_ユ_300876.html,5,17,2026-05-22T10:12:25+08:00
company-90b06893,札幌駅総合開発 株式会社,札幌駅総合開発 株式会社,011-209-5082,,01-ユ-300887,有料職業紹介事業,北海道,北海道札幌市中央区北五条西二丁目5番地 JRタワーオフィスプラザさっぽろ9階,https://jinzai.hellowork.mhlw.go.jp/JinzaiWeb/GICB102030.do?screenId=GICB102030&action=detail&detkey_Detail=01-%E3%83%A6-300887%2C1+++++,data/raw/mhlw/detail-000098-01_ユ_300887.html,5,18,2026-05-22T10:12:25+08:00
company-7ee661d9,クリニックコンサルティングサービス 株式会社,クリニックコンサルティングサービス 株式会社,090-5506-0475,,01-ユ-300893,有料職業紹介事業,北海道,北海道旭川市春光五条九丁目11番8号,https://jinzai.hellowork.mhlw.go.jp/JinzaiWeb/GICB102030.do?screenId=GICB102030&action=detail&detkey_Detail=01-%E3%83%A6-300893%2C1+++++,data/raw/mhlw/detail-000099-01_ユ_300893.html,5,19,2026-05-22T10:12:25+08:00
company-bf96ef8d,ＫＳコンサル 株式会社,ＫＳコンサル 株式会社,011-598-8984,,01-ユ-300899,有料職業紹介事業,北海道,北海道札幌市豊平区中の島二条十丁目1番22号,https://jinzai.hellowork.mhlw.go.jp/JinzaiWeb/GICB102030.do?screenId=GICB102030&action=detail&detkey_Detail=01-%E3%83%A6-300899%2C1+++++,data/raw/mhlw/detail-000100-01_ユ_300899.html,5,20,2026-05-22T10:12:25+08:00
company-a6ded4a3,ＷＡＧＡＯ 株式会社,ＷＡＧＡＯ 株式会社,011-206-0212,,01-ユ-300909,有料職業紹介事業,北海道,北海道札幌市中央区南2条西8丁目3番1号 大光ビル5F,https://jinzai.hellowork.mhlw.go.jp/JinzaiWeb/GICB102030.do?screenId=GICB102030&action=detail&detkey_Detail=01-%E3%83%A6-300909%2C1+++++,data/raw/mhlw/detail-000101-01_ユ_300909.html,6,1,2026-05-22T11:37:50+08:00
company-9356992b,片山 一幸,タビソラ設計舎,090-3890-0365,,01-ユ-300913,有料職業紹介事業,北海道,北海道札幌市中央区北2条西2丁目32 第37桂和ビル5F,https://jinzai.hellowork.mhlw.go.jp/JinzaiWeb/GICB102030.do?screenId=GICB102030&action=detail&detkey_Detail=01-%E3%83%A6-300913%2C1+++++,data/raw/mhlw/detail-000102-01_ユ_300913.html,6,2,2026-05-22T11:37:50+08:00
company-7a0a70ca,株式会社 ＳＨＡＲＥ,株式会社 ＳＨＡＲＥ,011-596-0215,,01-ユ-300916,有料職業紹介事業,北海道,北海道札幌市中央区南十条西十四丁目1番5号,https://jinzai.hellowork.mhlw.go.jp/JinzaiWeb/GICB102030.do?screenId=GICB102030&action=detail&detkey_Detail=01-%E3%83%A6-300916%2C1+++++,data/raw/mhlw/detail-000103-01_ユ_300916.html,6,3,2026-05-22T11:37:50+08:00
company-9dfbb3db,株式会社 ＭＯＫＡ．,株式会社 ＭＯＫＡ．本社,0154-68-4672,https://www.moka-inc.com,01-ユ-300919,有料職業紹介事業,北海道,北海道釧路市春日町3番6号 丸平総合ビル3Ｆ南,https://jinzai.hellowork.mhlw.go.jp/JinzaiWeb/GICB102030.do?screenId=GICB102030&action=detail&detkey_Detail=01-%E3%83%A6-300919%2C1+++++,data/raw/mhlw/detail-000104-01_ユ_300919.html,6,4,2026-05-22T11:37:50+08:00
company-4a827624,浜益特定地域づくり事業協同組合,浜益特定地域づくり事業協同組合,050-5236-1659,,01-ユ-300921,有料職業紹介事業,北海道,北海道石狩市浜益2番地3 浜益支所内,https://jinzai.hellowork.mhlw.go.jp/JinzaiWeb/GICB102030.do?screenId=GICB102030&action=detail&detkey_Detail=01-%E3%83%A6-300921%2C1+++++,data/raw/mhlw/detail-000105-01_ユ_300921.html,6,5,2026-05-22T11:37:50+08:00
company-717ab93c,アサヒ管財 株式会社,アサヒ管財 株式会社,0166-32-1300,,01-ユ-300924,有料職業紹介事業,北海道,北海道旭川市豊岡十五条七丁目4番20号,https://jinzai.hellowork.mhlw.go.jp/JinzaiWeb/GICB102030.do?screenId=GICB102030&action=detail&detkey_Detail=01-%E3%83%A6-300924%2C1+++++,data/raw/mhlw/detail-000106-01_ユ_300924.html,6,6,2026-05-22T11:37:50+08:00
company-992d741d,ミャンマーフロンティア 株式会社,ミャンマーフロンティア 株式会社,0154-22-6775,,01-ユ-300929,有料職業紹介事業,北海道,北海道釧路市双葉町8番20号,https://jinzai.hellowork.mhlw.go.jp/JinzaiWeb/GICB102030.do?screenId=GICB102030&action=detail&detkey_Detail=01-%E3%83%A6-300929%2C1+++++,data/raw/mhlw/detail-000107-01_ユ_300929.html,6,7,2026-05-22T11:37:50+08:00
company-69f50bac,株式会社 ＨＯＴサービス,株式会社 ＨＯＴサービス,011-350-7292,,01-ユ-300930,有料職業紹介事業,北海道,北海道札幌市手稲区前田9条14丁目2番20号 ＨＯＴハウス211号室,https://jinzai.hellowork.mhlw.go.jp/JinzaiWeb/GICB102030.do?screenId=GICB102030&action=detail&detkey_Detail=01-%E3%83%A6-300930%2C1+++++,data/raw/mhlw/detail-000108-01_ユ_300930.html,6,8,2026-05-22T11:37:50+08:00
company-e8664d18,有限会社 プログレスＡＩ,有限会社 プログレスＡＩ,011-700-1500,,01-ユ-300934,有料職業紹介事業,北海道,北海道札幌市北区北三十六条西八丁目1番1号 マルワビル203号室,https://jinzai.hellowork.mhlw.go.jp/JinzaiWeb/GICB102030.do?screenId=GICB102030&action=detail&detkey_Detail=01-%E3%83%A6-300934%2C1+++++,data/raw/mhlw/detail-000109-01_ユ_300934.html,6,9,2026-05-22T11:37:50+08:00
company-16438781,合同会社 ドリームヒルズ,合同会社 ドリームヒルズ,080-5425-7282,,01-ユ-300935,有料職業紹介事業,北海道,北海道石狩郡当別町スウェーデンヒルズＥ5-2-2,https://jinzai.hellowork.mhlw.go.jp/JinzaiWeb/GICB102030.do?screenId=GICB102030&action=detail&detkey_Detail=01-%E3%83%A6-300935%2C1+++++,data/raw/mhlw/detail-000110-01_ユ_300935.html,6,10,2026-05-22T11:37:50+08:00
company-93cb5d1c,公益社団法人北海道シルバー人材センター連合会,公益社団法人北海道シルバー人材センター連合会本部事務所,011-223-2711,,01-ユ-900001,有料職業紹介事業,北海道,北海道札幌市中央区北4条西6丁目1番地,https://jinzai.hellowork.mhlw.go.jp/JinzaiWeb/GICB102030.do?screenId=GICB102030&action=detail&detkey_Detail=01-%E3%83%A6-900001%2C1+++++,data/raw/mhlw/detail-000111-01_ユ_900001.html,6,11,2026-05-22T11:37:50+08:00
company-5ebd40e9,公益社団法人北海道シルバー人材センター連合会,公益社団法人北海道シルバー人材センター連合会札幌市中央事務所,011-614-2155,,01-ユ-900001,有料職業紹介事業,北海道,北海道札幌市中央区大通西19丁目1番地1,https://jinzai.hellowork.mhlw.go.jp/JinzaiWeb/GICB102030.do?screenId=GICB102030&action=detail&detkey_Detail=01-%E3%83%A6-900001%2C2+++++,data/raw/mhlw/detail-000112-01_ユ_900001.html,6,12,2026-05-22T11:37:50+08:00
company-acdcf527,公益社団法人北海道シルバー人材センター連合会,公益社団法人北海道シルバー人材センター連合会札幌市東事務所,011-826-3279,,01-ユ-900001,有料職業紹介事業,北海道,北海道札幌市白石区本通16丁目南4番26号,https://jinzai.hellowork.mhlw.go.jp/JinzaiWeb/GICB102030.do?screenId=GICB102030&action=detail&detkey_Detail=01-%E3%83%A6-900001%2C3+++++,data/raw/mhlw/detail-000113-01_ユ_900001.html,6,13,2026-05-22T11:37:50+08:00
company-75ac20a6,公益社団法人北海道シルバー人材センター連合会,公益社団法人北海道シルバー人材センター連合会札幌市西事務所,011-615-8228,,01-ユ-900001,有料職業紹介事業,北海道,北海道札幌市西区琴似2条2丁目1番5号,https://jinzai.hellowork.mhlw.go.jp/JinzaiWeb/GICB102030.do?screenId=GICB102030&action=detail&detkey_Detail=01-%E3%83%A6-900001%2C4+++++,data/raw/mhlw/detail-000114-01_ユ_900001.html,6,14,2026-05-22T11:37:50+08:00
company-21980394,公益社団法人北海道シルバー人材センター連合会,公益社団法人北海道シルバー人材センター連合会旭川市事務所,0166-51-1600,,01-ユ-900001,有料職業紹介事業,北海道,北海道旭川市春光町3639番4,https://jinzai.hellowork.mhlw.go.jp/JinzaiWeb/GICB102030.do?screenId=GICB102030&action=detail&detkey_Detail=01-%E3%83%A6-900001%2C5+++++,data/raw/mhlw/detail-000115-01_ユ_900001.html,6,15,2026-05-22T11:37:50+08:00
company-6ba927b1,公益社団法人北海道シルバー人材センター連合会,公益社団法人北海道シルバー人材センター連合会函館市事務所,0138-26-3555,,01-ユ-900001,有料職業紹介事業,北海道,北海道函館市若松町33番6号,https://jinzai.hellowork.mhlw.go.jp/JinzaiWeb/GICB102030.do?screenId=GICB102030&action=detail&detkey_Detail=01-%E3%83%A6-900001%2C6+++++,data/raw/mhlw/detail-000116-01_ユ_900001.html,6,16,2026-05-22T11:37:50+08:00
company-4cb66993,公益社団法人北海道シルバー人材センター連合会,公益社団法人北海道シルバー人材センター連合会室蘭市事務所,0143-45-8155,,01-ユ-900001,有料職業紹介事業,北海道,北海道室蘭市みゆき町2丁目7番14号,https://jinzai.hellowork.mhlw.go.jp/JinzaiWeb/GICB102030.do?screenId=GICB102030&action=detail&detkey_Detail=01-%E3%83%A6-900001%2C7+++++,data/raw/mhlw/detail-000117-01_ユ_900001.html,6,17,2026-05-22T11:37:50+08:00
company-abe068b1,公益社団法人北海道シルバー人材センター連合会,公益社団法人北海道シルバー人材センター連合会小樽市事務所,0134-33-9850,,01-ユ-900001,有料職業紹介事業,北海道,北海道小樽市奥沢5丁目3番1号,https://jinzai.hellowork.mhlw.go.jp/JinzaiWeb/GICB102030.do?screenId=GICB102030&action=detail&detkey_Detail=01-%E3%83%A6-900001%2C8+++++,data/raw/mhlw/detail-000118-01_ユ_900001.html,6,18,2026-05-22T11:37:50+08:00
company-c42aa42b,公益社団法人北海道シルバー人材センター連合会,公益社団法人北海道シルバー人材センター連合会江別市事務所,011-384-3771,,01-ユ-900001,有料職業紹介事業,北海道,北海道江別市錦町3番地5,https://jinzai.hellowork.mhlw.go.jp/JinzaiWeb/GICB102030.do?screenId=GICB102030&action=detail&detkey_Detail=01-%E3%83%A6-900001%2C9+++++,data/raw/mhlw/detail-000119-01_ユ_900001.html,6,19,2026-05-22T11:37:50+08:00
company-161a7c31,公益社団法人北海道シルバー人材センター連合会,公益社団法人北海道シルバー人材センター連合会千歳市事務所,0123-26-2277,,01-ユ-900001,有料職業紹介事業,北海道,北海道千歳市本町3丁目11番地,https://jinzai.hellowork.mhlw.go.jp/JinzaiWeb/GICB102030.do?screenId=GICB102030&action=detail&detkey_Detail=01-%E3%83%A6-900001%2C10++++,data/raw/mhlw/detail-000120-01_ユ_900001.html,6,20,2026-05-22T11:37:50+08:00
company-238073d6,公益社団法人北海道シルバー人材センター連合会,公益社団法人北海道シルバー人材センター連合会苫小牧市事務所,0144-35-1700,,01-ユ-900001,有料職業紹介事業,北海道,北海道苫小牧市末広町1丁目15番7号,https://jinzai.hellowork.mhlw.go.jp/JinzaiWeb/GICB102030.do?screenId=GICB102030&action=detail&detkey_Detail=01-%E3%83%A6-900001%2C11++++,data/raw/mhlw/detail-000121-01_ユ_900001.html,7,1,2026-05-22T11:37:50+08:00
company-7f246c5b,公益社団法人北海道シルバー人材センター連合会,公益社団法人北海道シルバー人材センター連合会滝川市事務所,0125-23-4759,,01-ユ-900001,有料職業紹介事業,北海道,北海道滝川市流通団地3丁目6番22号,https://jinzai.hellowork.mhlw.go.jp/JinzaiWeb/GICB102030.do?screenId=GICB102030&action=detail&detkey_Detail=01-%E3%83%A6-900001%2C12++++,data/raw/mhlw/detail-000122-01_ユ_900001.html,7,2,2026-05-22T11:37:50+08:00
company-0e94a7c7,公益社団法人北海道シルバー人材センター連合会,公益社団法人北海道シルバー人材センター連合会帯広市事務所,0155-38-2001,,01-ユ-900001,有料職業紹介事業,北海道,北海道帯広市西13条南2丁目2番地1号,https://jinzai.hellowork.mhlw.go.jp/JinzaiWeb/GICB102030.do?screenId=GICB102030&action=detail&detkey_Detail=01-%E3%83%A6-900001%2C13++++,data/raw/mhlw/detail-000123-01_ユ_900001.html,7,3,2026-05-22T11:37:50+08:00
company-f4b13c9a,公益社団法人北海道シルバー人材センター連合会,公益社団法人北海道シルバー人材センター連合会北見市事務所,0157-23-6000,,01-ユ-900001,有料職業紹介事業,北海道,北海道北見市東三輪5丁目1番地16,https://jinzai.hellowork.mhlw.go.jp/JinzaiWeb/GICB102030.do?screenId=GICB102030&action=detail&detkey_Detail=01-%E3%83%A6-900001%2C14++++,data/raw/mhlw/detail-000124-01_ユ_900001.html,7,4,2026-05-22T11:37:50+08:00
company-9ee52e15,公益社団法人北海道シルバー人材センター連合会,公益社団法人北海道シルバー人材センター連合会釧路市事務所,0154-44-5755,,01-ユ-900001,有料職業紹介事業,北海道,北海道釧路市弥生2丁目1番33号,https://jinzai.hellowork.mhlw.go.jp/JinzaiWeb/GICB102030.do?screenId=GICB102030&action=detail&detkey_Detail=01-%E3%83%A6-900001%2C15++++,data/raw/mhlw/detail-000125-01_ユ_900001.html,7,5,2026-05-22T11:37:50+08:00
company-1cf59442,公益社団法人北海道シルバー人材センター連合会,公益社団法人北海道シルバー人材センター連合会北広島市事務所,011-373-6763,,01-ユ-900001,有料職業紹介事業,北海道,北海道北広島市共栄町3丁目12番地1,https://jinzai.hellowork.mhlw.go.jp/JinzaiWeb/GICB102030.do?screenId=GICB102030&action=detail&detkey_Detail=01-%E3%83%A6-900001%2C16++++,data/raw/mhlw/detail-000126-01_ユ_900001.html,7,6,2026-05-22T11:37:50+08:00
company-9ca045d1,公益社団法人北海道シルバー人材センター連合会,公益社団法人北海道シルバー人材センター連合会恵庭市事務所,0123-34-0311,,01-ユ-900001,有料職業紹介事業,北海道,北海道恵庭市桜町3丁目8番18号,https://jinzai.hellowork.mhlw.go.jp/JinzaiWeb/GICB102030.do?screenId=GICB102030&action=detail&detkey_Detail=01-%E3%83%A6-900001%2C17++++,data/raw/mhlw/detail-000127-01_ユ_900001.html,7,7,2026-05-22T11:37:50+08:00
company-09fb83eb,公益社団法人北海道シルバー人材センター連合会,公益社団法人北海道シルバー人材センター連合会岩見沢市事務所,0126-24-4255,,01-ユ-900001,有料職業紹介事業,北海道,北海道岩見沢市5条西3丁目1番地1,https://jinzai.hellowork.mhlw.go.jp/JinzaiWeb/GICB102030.do?screenId=GICB102030&action=detail&detkey_Detail=01-%E3%83%A6-900001%2C18++++,data/raw/mhlw/detail-000128-01_ユ_900001.html,7,8,2026-05-22T11:37:50+08:00
company-3522e3a9,公益社団法人北海道シルバー人材センター連合会,公益社団法人北海道シルバー人材センター連合会伊達市事務所,0142-23-6448,,01-ユ-900001,有料職業紹介事業,北海道,北海道伊達市山下町146番地8,https://jinzai.hellowork.mhlw.go.jp/JinzaiWeb/GICB102030.do?screenId=GICB102030&action=detail&detkey_Detail=01-%E3%83%A6-900001%2C20++++,data/raw/mhlw/detail-000129-01_ユ_900001.html,7,9,2026-05-22T11:37:50+08:00
company-2ff9e4df,公益社団法人北海道シルバー人材センター連合会,公益社団法人北海道シルバー人材センター連合会稚内市事務所,0162-22-1156,,01-ユ-900001,有料職業紹介事業,北海道,北海道稚内市大黒2丁目10番12号,https://jinzai.hellowork.mhlw.go.jp/JinzaiWeb/GICB102030.do?screenId=GICB102030&action=detail&detkey_Detail=01-%E3%83%A6-900001%2C21++++,data/raw/mhlw/detail-000130-01_ユ_900001.html,7,10,2026-05-22T11:37:50+08:00
company-d40b8a4f,公益社団法人北海道シルバー人材センター連合会,公益社団法人北海道シルバー人材センター連合会網走市事務所,0152-43-6688,,01-ユ-900001,有料職業紹介事業,北海道,北海道網走市桂町2丁目1番3号,https://jinzai.hellowork.mhlw.go.jp/JinzaiWeb/GICB102030.do?screenId=GICB102030&action=detail&detkey_Detail=01-%E3%83%A6-900001%2C22++++,data/raw/mhlw/detail-000131-01_ユ_900001.html,7,11,2026-05-22T11:37:50+08:00
company-ec6bfd40,公益社団法人北海道シルバー人材センター連合会,公益社団法人北海道シルバー人材センター連合会石狩市事務所,0133-64-7771,,01-ユ-900001,有料職業紹介事業,北海道,北海道石狩市新港南1丁目22番地66,https://jinzai.hellowork.mhlw.go.jp/JinzaiWeb/GICB102030.do?screenId=GICB102030&action=detail&detkey_Detail=01-%E3%83%A6-900001%2C23++++,data/raw/mhlw/detail-000132-01_ユ_900001.html,7,12,2026-05-22T11:37:50+08:00
company-9b6aee51,公益社団法人北海道シルバー人材センター連合会,公益社団法人北海道シルバー人材センター連合会登別市事務所,0143-88-0880,,01-ユ-900001,有料職業紹介事業,北海道,北海道登別市千歳町3丁目1番地8,https://jinzai.hellowork.mhlw.go.jp/JinzaiWeb/GICB102030.do?screenId=GICB102030&action=detail&detkey_Detail=01-%E3%83%A6-900001%2C24++++,data/raw/mhlw/detail-000133-01_ユ_900001.html,7,13,2026-05-22T11:37:50+08:00
company-fc6c9a9d,公益社団法人北海道シルバー人材センター連合会,公益社団法人北海道シルバー人材センター連合会士別市事務所,0165-23-4040,,01-ユ-900001,有料職業紹介事業,北海道,北海道士別市東5条7丁目20番地14,https://jinzai.hellowork.mhlw.go.jp/JinzaiWeb/GICB102030.do?screenId=GICB102030&action=detail&detkey_Detail=01-%E3%83%A6-900001%2C25++++,data/raw/mhlw/detail-000134-01_ユ_900001.html,7,14,2026-05-22T11:37:50+08:00
company-2a010d50,公益社団法人北海道シルバー人材センター連合会,公益社団法人北海道シルバー人材センター連合会清水町事務所,0156-62-6058,,01-ユ-900001,有料職業紹介事業,北海道,北海道上川郡清水町南5条6丁目1番地1,https://jinzai.hellowork.mhlw.go.jp/JinzaiWeb/GICB102030.do?screenId=GICB102030&action=detail&detkey_Detail=01-%E3%83%A6-900001%2C26++++,data/raw/mhlw/detail-000135-01_ユ_900001.html,7,15,2026-05-22T11:37:50+08:00
company-ed2adaf0,公益社団法人北海道シルバー人材センター連合会,公益社団法人北海道シルバー人材センター連合会七飯町事務所,0138-66-3470,,01-ユ-900001,有料職業紹介事業,北海道,北海道亀田郡七飯町字鶴野229番地2,https://jinzai.hellowork.mhlw.go.jp/JinzaiWeb/GICB102030.do?screenId=GICB102030&action=detail&detkey_Detail=01-%E3%83%A6-900001%2C27++++,data/raw/mhlw/detail-000136-01_ユ_900001.html,7,16,2026-05-22T11:37:50+08:00
company-aa9f0db8,公益社団法人北海道シルバー人材センター連合会,公益社団法人北海道シルバー人材センター連合会新ひだか町事務所,0146-43-2800,,01-ユ-900001,有料職業紹介事業,北海道,北海道日高郡新ひだか町静内こうせい町2丁目7番7号,https://jinzai.hellowork.mhlw.go.jp/JinzaiWeb/GICB102030.do?screenId=GICB102030&action=detail&detkey_Detail=01-%E3%83%A6-900001%2C28++++,data/raw/mhlw/detail-000137-01_ユ_900001.html,7,17,2026-05-22T11:37:50+08:00
company-b203cc66,公益社団法人北海道シルバー人材センター連合会,公益社団法人北海道シルバー人材センター連合会紋別市事務所,0158-23-7276,,01-ユ-900001,有料職業紹介事業,北海道,北海道紋別市緑町5丁目22番3号,https://jinzai.hellowork.mhlw.go.jp/JinzaiWeb/GICB102030.do?screenId=GICB102030&action=detail&detkey_Detail=01-%E3%83%A6-900001%2C29++++,data/raw/mhlw/detail-000138-01_ユ_900001.html,7,18,2026-05-22T11:37:50+08:00
company-84780114,公益社団法人北海道シルバー人材センター連合会,公益社団法人北海道シルバー人材センター連合会当別町事務所,0133-22-4191,,01-ユ-900001,有料職業紹介事業,北海道,北海道石狩郡当別町末広2番地1,https://jinzai.hellowork.mhlw.go.jp/JinzaiWeb/GICB102030.do?screenId=GICB102030&action=detail&detkey_Detail=01-%E3%83%A6-900001%2C30++++,data/raw/mhlw/detail-000139-01_ユ_900001.html,7,19,2026-05-22T11:37:50+08:00
company-b78fb978,公益社団法人北海道シルバー人材センター連合会,公益社団法人北海道シルバー人材センター連合会中標津町事務所,0153-79-1234,,01-ユ-900001,有料職業紹介事業,北海道,北海道標津郡中標津町西3条北1丁目5番地1,https://jinzai.hellowork.mhlw.go.jp/JinzaiWeb/GICB102030.do?screenId=GICB102030&action=detail&detkey_Detail=01-%E3%83%A6-900001%2C31++++,data/raw/mhlw/detail-000140-01_ユ_900001.html,7,20,2026-05-22T11:37:50+08:00
company-d7243f4f,公益社団法人北海道シルバー人材センター連合会,公益社団法人北海道シルバー人材センター連合会美唄市事務所,0126-66-2468,,01-ユ-900001,有料職業紹介事業,北海道,北海道美唄市西4条南1丁目3番24号,https://jinzai.hellowork.mhlw.go.jp/JinzaiWeb/GICB102030.do?screenId=GICB102030&action=detail&detkey_Detail=01-%E3%83%A6-900001%2C32++++,data/raw/mhlw/detail-000141-01_ユ_900001.html,8,1,2026-05-22T11:37:50+08:00
company-ca63f34d,公益社団法人北海道シルバー人材センター連合会,公益社団法人北海道シルバー人材センター連合会富良野市事務所,0167-22-5010,,01-ユ-900001,有料職業紹介事業,北海道,北海道富良野市春日町12番5号,https://jinzai.hellowork.mhlw.go.jp/JinzaiWeb/GICB102030.do?screenId=GICB102030&action=detail&detkey_Detail=01-%E3%83%A6-900001%2C33++++,data/raw/mhlw/detail-000142-01_ユ_900001.html,8,2,2026-05-22T11:37:50+08:00
company-52089729,公益社団法人北海道シルバー人材センター連合会,公益社団法人北海道シルバー人材センター連合会余市町事務所,0135-22-7641,,01-ユ-900001,有料職業紹介事業,北海道,北海道余市郡余市町黒川町5丁目22番地,https://jinzai.hellowork.mhlw.go.jp/JinzaiWeb/GICB102030.do?screenId=GICB102030&action=detail&detkey_Detail=01-%E3%83%A6-900001%2C34++++,data/raw/mhlw/detail-000143-01_ユ_900001.html,8,3,2026-05-22T11:37:50+08:00
company-9a553293,公益社団法人北海道シルバー人材センター連合会,公益社団法人北海道シルバー人材センター連合会森町事務所,01374-2-0423,,01-ユ-900001,有料職業紹介事業,北海道,北海道茅部郡森町字清澄町3番地1,https://jinzai.hellowork.mhlw.go.jp/JinzaiWeb/GICB102030.do?screenId=GICB102030&action=detail&detkey_Detail=01-%E3%83%A6-900001%2C35++++,data/raw/mhlw/detail-000144-01_ユ_900001.html,8,4,2026-05-22T11:37:50+08:00
company-eb9e94a7,公益社団法人北海道シルバー人材センター連合会,公益社団法人北海道シルバー人材センター連合会砂川市事務所,0125-52-4159,,01-ユ-900001,有料職業紹介事業,北海道,北海道砂川市吉野2条南5丁目3番2号,https://jinzai.hellowork.mhlw.go.jp/JinzaiWeb/GICB102030.do?screenId=GICB102030&action=detail&detkey_Detail=01-%E3%83%A6-900001%2C36++++,data/raw/mhlw/detail-000145-01_ユ_900001.html,8,5,2026-05-22T11:37:50+08:00
company-b8058f1c,公益社団法人北海道シルバー人材センター連合会,公益社団法人北海道シルバー人材センター連合会長沼町事務所,0123-88-0017,,01-ユ-900001,有料職業紹介事業,北海道,北海道夕張郡長沼町中央南1丁目1番5号,https://jinzai.hellowork.mhlw.go.jp/JinzaiWeb/GICB102030.do?screenId=GICB102030&action=detail&detkey_Detail=01-%E3%83%A6-900001%2C37++++,data/raw/mhlw/detail-000146-01_ユ_900001.html,8,6,2026-05-22T11:37:50+08:00
company-fb903de1,公益社団法人北海道シルバー人材センター連合会,公益社団法人北海道シルバー人材センター連合会美深町事務所,01656-2-4060,,01-ユ-900001,有料職業紹介事業,北海道,北海道中川郡美深町西1条北1丁目4番地,https://jinzai.hellowork.mhlw.go.jp/JinzaiWeb/GICB102030.do?screenId=GICB102030&action=detail&detkey_Detail=01-%E3%83%A6-900001%2C38++++,data/raw/mhlw/detail-000147-01_ユ_900001.html,8,7,2026-05-22T11:37:50+08:00
company-4c6daaca,公益社団法人北海道シルバー人材センター連合会,公益社団法人北海道シルバー人材センター連合会札幌市北事務所,011-788-6915,,01-ユ-900001,有料職業紹介事業,北海道,北海道札幌市北区北24条西5丁目1番1号,https://jinzai.hellowork.mhlw.go.jp/JinzaiWeb/GICB102030.do?screenId=GICB102030&action=detail&detkey_Detail=01-%E3%83%A6-900001%2C39++++,data/raw/mhlw/detail-000148-01_ユ_900001.html,8,8,2026-05-22T11:37:50+08:00
company-a960c7db,三八五流通 株式会社,三八五流通株式会社 夢百貨,0178-71-3851,,02-ユ-300002,有料職業紹介事業,青森県,青森県八戸市江陽２－２０－２６,https://jinzai.hellowork.mhlw.go.jp/JinzaiWeb/GICB102030.do?screenId=GICB102030&action=detail&detkey_Detail=02-%E3%83%A6-300002%2C0+++++,data/raw/mhlw/detail-000149-02_ユ_300002.html,8,9,2026-05-22T11:37:50+08:00
company-6e6ef0a3,株式会社 トゥインクル,株式会社 トゥインクル,0178-32-7310,,02-ユ-300033,有料職業紹介事業,青森県,青森県八戸市根城六丁目２１番２７号,https://jinzai.hellowork.mhlw.go.jp/JinzaiWeb/GICB102030.do?screenId=GICB102030&action=detail&detkey_Detail=02-%E3%83%A6-300033%2C1+++++,data/raw/mhlw/detail-000150-02_ユ_300033.html,8,10,2026-05-22T11:37:50+08:00
company-7025d1ab,株式会社 ケアライフ青森,株式会社 ケアライフ青森 家政婦紹介事業部,017-764-5085,,02-ユ-300037,有料職業紹介事業,青森県,青森県青森市卸町3番5号,https://jinzai.hellowork.mhlw.go.jp/JinzaiWeb/GICB102030.do?screenId=GICB102030&action=detail&detkey_Detail=02-%E3%83%A6-300037%2C1+++++,data/raw/mhlw/detail-000151-02_ユ_300037.html,8,11,2026-05-22T11:37:50+08:00
company-b103473d,株式会社 エンジョブ,株式会社 エンジョブ,0176-51-3440,,02-ユ-300052,有料職業紹介事業,青森県,青森県三沢市中央町二丁目8番地34号 スカイプラザミサワ3F,https://jinzai.hellowork.mhlw.go.jp/JinzaiWeb/GICB102030.do?screenId=GICB102030&action=detail&detkey_Detail=02-%E3%83%A6-300052%2C1+++++,data/raw/mhlw/detail-000152-02_ユ_300052.html,8,12,2026-05-22T11:37:50+08:00
company-c7239dc0,有限会社 ザ・ワーク,有限会社 ザ・ワーク,0173-29-3300,,02-ユ-300053,有料職業紹介事業,青森県,青森県五所川原市大字福山字実吉73番地6,https://jinzai.hellowork.mhlw.go.jp/JinzaiWeb/GICB102030.do?screenId=GICB102030&action=detail&detkey_Detail=02-%E3%83%A6-300053%2C1+++++,data/raw/mhlw/detail-000153-02_ユ_300053.html,8,13,2026-05-22T11:37:50+08:00
company-91e54c15,北日本事業振興協同組合,北日本事業振興協同組合,0172-26-5371,,02-ユ-300056,有料職業紹介事業,青森県,青森県弘前市大字松森町１３０番地１,https://jinzai.hellowork.mhlw.go.jp/JinzaiWeb/GICB102030.do?screenId=GICB102030&action=detail&detkey_Detail=02-%E3%83%A6-300056%2C1+++++,data/raw/mhlw/detail-000154-02_ユ_300056.html,8,14,2026-05-22T11:37:50+08:00
company-03eb0001,菊池 勲,ワンダーテール,0172-27-5145,,02-ユ-300061,有料職業紹介事業,青森県,青森県弘前市大字土手町１３３番地１ 西谷ビル１F,https://jinzai.hellowork.mhlw.go.jp/JinzaiWeb/GICB102030.do?screenId=GICB102030&action=detail&detkey_Detail=02-%E3%83%A6-300061%2C1+++++,data/raw/mhlw/detail-000155-02_ユ_300061.html,8,15,2026-05-22T11:37:50+08:00
company-43068b78,有限会社 大裕,有限会社 大裕,017-752-6566,,02-ユ-300066,有料職業紹介事業,青森県,青森県青森市富田一丁目１７番６号,https://jinzai.hellowork.mhlw.go.jp/JinzaiWeb/GICB102030.do?screenId=GICB102030&action=detail&detkey_Detail=02-%E3%83%A6-300066%2C1+++++,data/raw/mhlw/detail-000156-02_ユ_300066.html,8,16,2026-05-22T11:37:50+08:00
i-d92d87a3,株式会社I・Ｍ・Ｓ,株式会社Ｉ・Ｍ・Ｓ,0172-32-5801,,02-ユ-300067,有料職業紹介事業,青森県,青森県弘前市大字土手町134番地8,https://jinzai.hellowork.mhlw.go.jp/JinzaiWeb/GICB102030.do?screenId=GICB102030&action=detail&detkey_Detail=02-%E3%83%A6-300067%2C1+++++,data/raw/mhlw/detail-000157-02_ユ_300067.html,8,17,2026-05-22T11:37:50+08:00
company-2cba73fa,いかり商事株式会社,いかり商事株式会社 アンカーコネクト,0172-27-7878,,02-ユ-300071,有料職業紹介事業,青森県,青森県弘前市大字境関字亥ノ宮29番地1,https://jinzai.hellowork.mhlw.go.jp/JinzaiWeb/GICB102030.do?screenId=GICB102030&action=detail&detkey_Detail=02-%E3%83%A6-300071%2C1+++++,data/raw/mhlw/detail-000158-02_ユ_300071.html,8,18,2026-05-22T11:37:50+08:00
company-d33cfd88,株式会社ドリーム・ワークス,ドリーム有料職業紹介事業所,0178-80-7156,,02-ユ-300074,有料職業紹介事業,青森県,青森県八戸市大字廿三日町39番地 東奥朝日ワークステーション,https://jinzai.hellowork.mhlw.go.jp/JinzaiWeb/GICB102030.do?screenId=GICB102030&action=detail&detkey_Detail=02-%E3%83%A6-300074%2C1+++++,data/raw/mhlw/detail-000159-02_ユ_300074.html,8,19,2026-05-22T11:37:50+08:00
company-886e1e46,有限会社一関看護婦家政婦紹介所,有限会社一関看護婦家政婦紹介所,0191-23-2505,,03-ユ-050001,有料職業紹介事業,岩手県,岩手県一関市桜木町７番１９号,https://jinzai.hellowork.mhlw.go.jp/JinzaiWeb/GICB102030.do?screenId=GICB102030&action=detail&detkey_Detail=03-%E3%83%A6-050001%2C0+++++,data/raw/mhlw/detail-000160-03_ユ_050001.html,8,20,2026-05-22T11:37:50+08:00
company-c4e506c6,株式会社ツイン,株式会社ツイン,0197-61-6550,,03-ユ-300030,有料職業紹介事業,岩手県,岩手県北上市常盤台1-1-27,https://jinzai.hellowork.mhlw.go.jp/JinzaiWeb/GICB102030.do?screenId=GICB102030&action=detail&detkey_Detail=03-%E3%83%A6-300030%2C1+++++,data/raw/mhlw/detail-000161-03_ユ_300030.html,9,1,2026-05-22T11:37:50+08:00
company-d66f5693,株式会社天正スタッフ,株式会社天正スタッフ,0197-62-6662,,03-ユ-300036,有料職業紹介事業,岩手県,岩手県北上市大通り１丁目3-1北上開発ビル4階,https://jinzai.hellowork.mhlw.go.jp/JinzaiWeb/GICB102030.do?screenId=GICB102030&action=detail&detkey_Detail=03-%E3%83%A6-300036%2C1+++++,data/raw/mhlw/detail-000162-03_ユ_300036.html,9,2,2026-05-22T11:37:50+08:00
company-714c56c7,株式会社 ジュリアン,株式会社 ジュリアン,0197-22-6568,http://www.julian-hiro.co.jp,03-ユ-300057,有料職業紹介事業,岩手県,岩手県奥州市水沢佐倉河字後樋41-1,https://jinzai.hellowork.mhlw.go.jp/JinzaiWeb/GICB102030.do?screenId=GICB102030&action=detail&detkey_Detail=03-%E3%83%A6-300057%2C1+++++,data/raw/mhlw/detail-000163-03_ユ_300057.html,9,3,2026-05-22T11:37:50+08:00
company-92a374a9,一般社団法人 盛の郷,一般社団法人 盛の郷,019-652-3131,,03-ユ-300061,有料職業紹介事業,岩手県,岩手県盛岡市東安庭二丁目12番6号2Ｆ,https://jinzai.hellowork.mhlw.go.jp/JinzaiWeb/GICB102030.do?screenId=GICB102030&action=detail&detkey_Detail=03-%E3%83%A6-300061%2C1+++++,data/raw/mhlw/detail-000164-03_ユ_300061.html,9,4,2026-05-22T11:37:50+08:00
company-75d370f5,株式会社東北銀行,株式会社東北銀行,019-651-6716,,03-ユ-300072,有料職業紹介事業,岩手県,岩手県盛岡市内丸3-1,https://jinzai.hellowork.mhlw.go.jp/JinzaiWeb/GICB102030.do?screenId=GICB102030&action=detail&detkey_Detail=03-%E3%83%A6-300072%2C1+++++,data/raw/mhlw/detail-000165-03_ユ_300072.html,9,5,2026-05-22T11:37:50+08:00
company-1ee48cd5,株式会社北日本銀行,株式会社北日本銀行,019-653-1111,,03-ユ-300074,有料職業紹介事業,岩手県,岩手県盛岡市中央通1-6-7 本店２階,https://jinzai.hellowork.mhlw.go.jp/JinzaiWeb/GICB102030.do?screenId=GICB102030&action=detail&detkey_Detail=03-%E3%83%A6-300074%2C1+++++,data/raw/mhlw/detail-000166-03_ユ_300074.html,9,6,2026-05-22T11:37:50+08:00
company-4a945c4a,新高電気 株式会社,新高電気 株式会社,0198-23-5211,,03-ユ-300084,有料職業紹介事業,岩手県,岩手県花巻市大通り一丁目４番１５号,https://jinzai.hellowork.mhlw.go.jp/JinzaiWeb/GICB102030.do?screenId=GICB102030&action=detail&detkey_Detail=03-%E3%83%A6-300084%2C1+++++,data/raw/mhlw/detail-000167-03_ユ_300084.html,9,7,2026-05-22T11:37:50+08:00
company-fb42adec,株式会社パソナ東北創生,株式会社パソナ東北創生 釜石事務所,080-4402-5516,https://pasonatohokusousei.com/,03-ユ-300095,有料職業紹介事業,岩手県,岩手県釜石市只越町２丁目１－５ サンハイムかりや１０２号室,https://jinzai.hellowork.mhlw.go.jp/JinzaiWeb/GICB102030.do?screenId=GICB102030&action=detail&detkey_Detail=03-%E3%83%A6-300095%2C1+++++,data/raw/mhlw/detail-000168-03_ユ_300095.html,9,8,2026-05-22T11:37:50+08:00
company-04ed596b,クラリスアート株式会社,クラリスアート株式会社,019-681-3838,,03-ユ-300100,有料職業紹介事業,岩手県,岩手県盛岡市盛岡駅前通１５番１８号 Ｌａｖｉｅビル５０１、５０４,https://jinzai.hellowork.mhlw.go.jp/JinzaiWeb/GICB102030.do?screenId=GICB102030&action=detail&detkey_Detail=03-%E3%83%A6-300100%2C1+++++,data/raw/mhlw/detail-000169-03_ユ_300100.html,9,9,2026-05-22T11:37:50+08:00
company-bf07536f,ディスカバリー株式会社,ディスカバリー株式会社,0197-62-4775,,03-ユ-300104,有料職業紹介事業,岩手県,岩手県北上市上野町一丁目２番２１号 上野町貸テナント２０１号室,https://jinzai.hellowork.mhlw.go.jp/JinzaiWeb/GICB102030.do?screenId=GICB102030&action=detail&detkey_Detail=03-%E3%83%A6-300104%2C1+++++,data/raw/mhlw/detail-000170-03_ユ_300104.html,9,10,2026-05-22T11:37:50+08:00
company-41b2913c,有限会社あけぼの介護センター,有限会社あけぼの介護センター,022-796-6360,,04-ユ-010055,有料職業紹介事業,宮城県,宮城県仙台市青葉区中江一丁目13番11号,https://jinzai.hellowork.mhlw.go.jp/JinzaiWeb/GICB102030.do?screenId=GICB102030&action=detail&detkey_Detail=04-%E3%83%A6-010055%2C1+++++,data/raw/mhlw/detail-000171-04_ユ_010055.html,9,11,2026-05-22T11:37:50+08:00
company-f7451b31,有限会社岡本看護婦家政婦紹介所,有限会社岡本看護婦家政婦紹介所,0229-22-1057,,04-ユ-040001,有料職業紹介事業,宮城県,宮城県大崎市古川中里一丁目8番15号,https://jinzai.hellowork.mhlw.go.jp/JinzaiWeb/GICB102030.do?screenId=GICB102030&action=detail&detkey_Detail=04-%E3%83%A6-040001%2C1+++++,data/raw/mhlw/detail-000172-04_ユ_040001.html,9,12,2026-05-22T11:37:50+08:00
company-7f9da412,菅原 清香,サンライズ観光バスガイド紹介所,0226-46-4148,,04-ユ-080002,有料職業紹介事業,宮城県,宮城県本吉郡南三陸町入谷字押舘93-3,https://jinzai.hellowork.mhlw.go.jp/JinzaiWeb/GICB102030.do?screenId=GICB102030&action=detail&detkey_Detail=04-%E3%83%A6-080002%2C1+++++,data/raw/mhlw/detail-000173-04_ユ_080002.html,9,13,2026-05-22T11:37:50+08:00
company-ba9ac488,株式会社佐々啓,株式会社佐々啓,022-225-3424,,04-ユ-300002,有料職業紹介事業,宮城県,宮城県仙台市青葉区宮町三丁目8番16号,https://jinzai.hellowork.mhlw.go.jp/JinzaiWeb/GICB102030.do?screenId=GICB102030&action=detail&detkey_Detail=04-%E3%83%A6-300002%2C1+++++,data/raw/mhlw/detail-000174-04_ユ_300002.html,9,14,2026-05-22T11:37:50+08:00
company-146a49cb,東北重機工事株式会社,東北重機工事株式会社,022-364-2120,,04-ユ-300015,有料職業紹介事業,宮城県,宮城県塩竈市北浜四丁目14番60号,https://jinzai.hellowork.mhlw.go.jp/JinzaiWeb/GICB102030.do?screenId=GICB102030&action=detail&detkey_Detail=04-%E3%83%A6-300015%2C1+++++,data/raw/mhlw/detail-000175-04_ユ_300015.html,9,15,2026-05-22T11:37:50+08:00
company-32ac64fd,株式会社あずみ,株式会社あずみ,0224-55-1881,,04-ユ-300031,有料職業紹介事業,宮城県,宮城県柴田郡柴田町船岡中央2-13-5,https://jinzai.hellowork.mhlw.go.jp/JinzaiWeb/GICB102030.do?screenId=GICB102030&action=detail&detkey_Detail=04-%E3%83%A6-300031%2C1+++++,data/raw/mhlw/detail-000176-04_ユ_300031.html,9,16,2026-05-22T11:37:50+08:00
company-8ae7afeb,有限会社ヒューマンリンクス,有限会社ヒューマンリンクス,0220-29-5382,,04-ユ-300094,有料職業紹介事業,宮城県,宮城県登米市米山町西野字上小路裏20番地,https://jinzai.hellowork.mhlw.go.jp/JinzaiWeb/GICB102030.do?screenId=GICB102030&action=detail&detkey_Detail=04-%E3%83%A6-300094%2C1+++++,data/raw/mhlw/detail-000177-04_ユ_300094.html,9,17,2026-05-22T11:37:50+08:00
company-adf47fe9,株式会社エキスパートエージェンシー,株式会社エキスパートエージェンシー,022-352-0511,http://www.expert-agency.com/,04-ユ-300097,有料職業紹介事業,宮城県,宮城県仙台市宮城野区榴岡2丁目1番地15号 大内ビル5階,https://jinzai.hellowork.mhlw.go.jp/JinzaiWeb/GICB102030.do?screenId=GICB102030&action=detail&detkey_Detail=04-%E3%83%A6-300097%2C1+++++,data/raw/mhlw/detail-000178-04_ユ_300097.html,9,18,2026-05-22T11:37:50+08:00
company-4a6c55e6,株式会社スピード,株式会社スピード,0229-21-0666,,04-ユ-300102,有料職業紹介事業,宮城県,宮城県大崎市古川中里六丁目2番35号 新屋第一ビル2F,https://jinzai.hellowork.mhlw.go.jp/JinzaiWeb/GICB102030.do?screenId=GICB102030&action=detail&detkey_Detail=04-%E3%83%A6-300102%2C1+++++,data/raw/mhlw/detail-000179-04_ユ_300102.html,9,19,2026-05-22T11:37:50+08:00
company-39ea4c32,株式会社オガワ企画,株式会社オガワ企画,022-347-1232,,04-ユ-300118,有料職業紹介事業,宮城県,宮城県黒川郡大衡村大衡字亀岡26-1,https://jinzai.hellowork.mhlw.go.jp/JinzaiWeb/GICB102030.do?screenId=GICB102030&action=detail&detkey_Detail=04-%E3%83%A6-300118%2C1+++++,data/raw/mhlw/detail-000180-04_ユ_300118.html,9,20,2026-05-22T11:37:50+08:00
company-58776e1f,株式会社中田無線,株式会社中田無線 中田事業所,0220-34-6109,,04-ユ-300125,有料職業紹介事業,宮城県,宮城県登米市中田町石森字若林6,https://jinzai.hellowork.mhlw.go.jp/JinzaiWeb/GICB102030.do?screenId=GICB102030&action=detail&detkey_Detail=04-%E3%83%A6-300125%2C1+++++,data/raw/mhlw/detail-000181-04_ユ_300125.html,10,1,2026-05-22T11:37:50+08:00
company-2e3e8cbd,株式会社福祉工房,株式会社福祉工房,022-727-8820,,04-ユ-300132,有料職業紹介事業,宮城県,宮城県仙台市青葉区国見1丁目19番6号 国見ハイツ3号棟201,https://jinzai.hellowork.mhlw.go.jp/JinzaiWeb/GICB102030.do?screenId=GICB102030&action=detail&detkey_Detail=04-%E3%83%A6-300132%2C1+++++,data/raw/mhlw/detail-000182-04_ユ_300132.html,10,2,2026-05-22T11:37:50+08:00
company-6377e2d7,ジャパンビルシステム株式会社,ジャパンビルシステム株式会社,0225-93-3243,,04-ユ-300147,有料職業紹介事業,宮城県,宮城県石巻市開成1番地50,https://jinzai.hellowork.mhlw.go.jp/JinzaiWeb/GICB102030.do?screenId=GICB102030&action=detail&detkey_Detail=04-%E3%83%A6-300147%2C1+++++,data/raw/mhlw/detail-000183-04_ユ_300147.html,10,3,2026-05-22T11:37:50+08:00
company-f1d24d61,株式会社清建,株式会社清建,0220-22-7085,,04-ユ-300162,有料職業紹介事業,宮城県,宮城県登米市迫町佐沼字南駒木袋212番地の3,https://jinzai.hellowork.mhlw.go.jp/JinzaiWeb/GICB102030.do?screenId=GICB102030&action=detail&detkey_Detail=04-%E3%83%A6-300162%2C1+++++,data/raw/mhlw/detail-000184-04_ユ_300162.html,10,4,2026-05-22T11:37:50+08:00
company-fa3ecf75,アンデックス株式会社,アンデックス株式会社,022-397-7988,,04-ユ-300201,有料職業紹介事業,宮城県,宮城県仙台市青葉区大町一丁目3-2 仙台ＭＤビル5階,https://jinzai.hellowork.mhlw.go.jp/JinzaiWeb/GICB102030.do?screenId=GICB102030&action=detail&detkey_Detail=04-%E3%83%A6-300201%2C1+++++,data/raw/mhlw/detail-000185-04_ユ_300201.html,10,5,2026-05-22T11:37:50+08:00
company-7fe3b345,株式会社ミライズＰｒｏ,株式会社ミライズＰｒｏ,022-302-4655,,04-ユ-300221,有料職業紹介事業,宮城県,宮城県仙台市若林区河原町一丁目４番２０号 十全会ビル106,https://jinzai.hellowork.mhlw.go.jp/JinzaiWeb/GICB102030.do?screenId=GICB102030&action=detail&detkey_Detail=04-%E3%83%A6-300221%2C1+++++,data/raw/mhlw/detail-000186-04_ユ_300221.html,10,6,2026-05-22T11:37:50+08:00
company-637c87eb,株式会社ＹＳ ｄｉａｇｒａｍ,株式会社ＹＳ ｄｉａｇｒａｍ,022-290-6900,,04-ユ-300223,有料職業紹介事業,宮城県,宮城県仙台市宮城野区宮千代三丁目2番地の15 ストーリッジ宮千代C号室,https://jinzai.hellowork.mhlw.go.jp/JinzaiWeb/GICB102030.do?screenId=GICB102030&action=detail&detkey_Detail=04-%E3%83%A6-300223%2C1+++++,data/raw/mhlw/detail-000187-04_ユ_300223.html,10,7,2026-05-22T11:37:50+08:00
company-54c6be2c,株式会社ケーユーケー,株式会社ケーユーケー,022-766-9915,,04-ユ-300230,有料職業紹介事業,宮城県,宮城県仙台市宮城野区中野五丁目4番2,https://jinzai.hellowork.mhlw.go.jp/JinzaiWeb/GICB102030.do?screenId=GICB102030&action=detail&detkey_Detail=04-%E3%83%A6-300230%2C1+++++,data/raw/mhlw/detail-000188-04_ユ_300230.html,10,8,2026-05-22T11:37:50+08:00
company-231747f5,株式会社人事・教育サービス,街角の就職部,022-226-7255,,04-ユ-300231,有料職業紹介事業,宮城県,宮城県仙台市青葉区五橋一丁目1-58 ダイアパレス仙台中央106,https://jinzai.hellowork.mhlw.go.jp/JinzaiWeb/GICB102030.do?screenId=GICB102030&action=detail&detkey_Detail=04-%E3%83%A6-300231%2C1+++++,data/raw/mhlw/detail-000189-04_ユ_300231.html,10,9,2026-05-22T11:37:50+08:00
company-92ad0f25,株式会社ナラティブ,株式会社ナラティブ,022-711-5038,,04-ユ-300253,有料職業紹介事業,宮城県,宮城県仙台市青葉区花京院二丁目1番5号 ウエスト花京院ビル8階,https://jinzai.hellowork.mhlw.go.jp/JinzaiWeb/GICB102030.do?screenId=GICB102030&action=detail&detkey_Detail=04-%E3%83%A6-300253%2C1+++++,data/raw/mhlw/detail-000190-04_ユ_300253.html,10,10,2026-05-22T11:37:50+08:00
company-fb1f76e1,株式会社アオバワークス,株式会社アオバワークス,022-355-9234,,04-ユ-300255,有料職業紹介事業,宮城県,宮城県仙台市若林区卸町東五丁目5番5号 3Ｆ,https://jinzai.hellowork.mhlw.go.jp/JinzaiWeb/GICB102030.do?screenId=GICB102030&action=detail&detkey_Detail=04-%E3%83%A6-300255%2C1+++++,data/raw/mhlw/detail-000191-04_ユ_300255.html,10,11,2026-05-22T11:37:50+08:00
company-4b808804,株式会社ニア,株式会社ニア,022-342-0008,,04-ユ-300273,有料職業紹介事業,宮城県,宮城県仙台市青葉区五橋1丁目7-15 ピースビル五橋６Ｆ,https://jinzai.hellowork.mhlw.go.jp/JinzaiWeb/GICB102030.do?screenId=GICB102030&action=detail&detkey_Detail=04-%E3%83%A6-300273%2C1+++++,data/raw/mhlw/detail-000192-04_ユ_300273.html,10,12,2026-05-22T11:37:50+08:00
company-94250005,株式会社オフィス・インテグラル,株式会社オフィス・インテグラル本社,022-301-9803,,04-ユ-300280,有料職業紹介事業,宮城県,宮城県仙台市青葉区北根3丁目26番7号,https://jinzai.hellowork.mhlw.go.jp/JinzaiWeb/GICB102030.do?screenId=GICB102030&action=detail&detkey_Detail=04-%E3%83%A6-300280%2C1+++++,data/raw/mhlw/detail-000193-04_ユ_300280.html,10,13,2026-05-22T11:37:50+08:00
company-230ef37e,株式会社クロスリード,株式会社クロスリード,022-215-6661,,04-ユ-300287,有料職業紹介事業,宮城県,宮城県仙台市青葉区本町二丁目15番1号ルナール仙台13階,https://jinzai.hellowork.mhlw.go.jp/JinzaiWeb/GICB102030.do?screenId=GICB102030&action=detail&detkey_Detail=04-%E3%83%A6-300287%2C1+++++,data/raw/mhlw/detail-000194-04_ユ_300287.html,10,14,2026-05-22T11:37:50+08:00
company-fccc02c3,株式会社ＲｅＭＡＫＥ,株式会社ＲｅＭＡＫＥ,022-349-9923,,04-ユ-300290,有料職業紹介事業,宮城県,宮城県仙台市宮城野区榴岡三丁目2番5号 サンライズ仙台3Ｆ－Ｃ,https://jinzai.hellowork.mhlw.go.jp/JinzaiWeb/GICB102030.do?screenId=GICB102030&action=detail&detkey_Detail=04-%E3%83%A6-300290%2C1+++++,data/raw/mhlw/detail-000195-04_ユ_300290.html,10,15,2026-05-22T11:37:50+08:00
company-f0af1aa6,株式会社レインボーフィールド,株式会社レインボーフィールド,022-288-5205,,04-ユ-300299,有料職業紹介事業,宮城県,宮城県仙台市若林区六丁目字南97番地の3東インター斎喜ビル7Ｆ,https://jinzai.hellowork.mhlw.go.jp/JinzaiWeb/GICB102030.do?screenId=GICB102030&action=detail&detkey_Detail=04-%E3%83%A6-300299%2C1+++++,data/raw/mhlw/detail-000196-04_ユ_300299.html,10,16,2026-05-22T11:37:50+08:00
company-f6cfca5a,株式会社メディカル・ブリエ,株式会社メディカル・ブリエ,022-291-1286,,04-ユ-300302,有料職業紹介事業,宮城県,宮城県仙台市宮城野区小田原弓ノ町100番地の1 アンサンブルメディカルビル5階,https://jinzai.hellowork.mhlw.go.jp/JinzaiWeb/GICB102030.do?screenId=GICB102030&action=detail&detkey_Detail=04-%E3%83%A6-300302%2C1+++++,data/raw/mhlw/detail-000197-04_ユ_300302.html,10,17,2026-05-22T11:37:50+08:00
company-64be7d39,ＲＴ Ｐａｒｔｎｅｒ合同会社,ＲＴ Ｐａｒｔｎｅｒ合同会社 仙台紹介センター,022-209-4725,,04-ユ-300306,有料職業紹介事業,宮城県,宮城県仙台市青葉区川平二丁目20-32サンライズコーポ105,https://jinzai.hellowork.mhlw.go.jp/JinzaiWeb/GICB102030.do?screenId=GICB102030&action=detail&detkey_Detail=04-%E3%83%A6-300306%2C1+++++,data/raw/mhlw/detail-000198-04_ユ_300306.html,10,18,2026-05-22T11:37:50+08:00
company-ac72c2a8,ＪＳ合同会社,ＪＳ合同会社,022-343-8710,,04-ユ-300315,有料職業紹介事業,宮城県,宮城県仙台市青葉区東勝山二丁目7番28号 2階,https://jinzai.hellowork.mhlw.go.jp/JinzaiWeb/GICB102030.do?screenId=GICB102030&action=detail&detkey_Detail=04-%E3%83%A6-300315%2C1+++++,data/raw/mhlw/detail-000199-04_ユ_300315.html,10,19,2026-05-22T11:37:50+08:00
company-0b3718d4,株式会社ミルフィーユ,株式会社ミルフィーユ,022-796-7548,,04-ユ-300320,有料職業紹介事業,宮城県,宮城県仙台市青葉区本町1丁目14-17 北修ビル本町6F,https://jinzai.hellowork.mhlw.go.jp/JinzaiWeb/GICB102030.do?screenId=GICB102030&action=detail&detkey_Detail=04-%E3%83%A6-300320%2C1+++++,data/raw/mhlw/detail-000200-04_ユ_300320.html,10,20,2026-05-22T11:37:50+08:00
