记录ID,公司名称,联系人,职位,邮箱,电话,联系表单链接,公司官网,联系方式来源URL,厚生劳动省来源URL,许可证号,许可类型,城市或都道府县,专业领域,业务分类,证据关键词,验证状态,可信度,来源访问时间,备注,邮箱或表单来源URL,邮箱或表单原始页面路径,邮箱补充状态
company-2f4c3e06,株式会社 札幌昭栄,,,info@ma.newb.ne.jp,011-233-1811,,http://www.sapporo-syouei.co.jp/,https://jinzai.hellowork.mhlw.go.jp/JinzaiWeb/GICB102030.do?screenId=GICB102030&action=detail&detkey_Detail=01-%E3%83%A6-010019%2C0+++++,https://jinzai.hellowork.mhlw.go.jp/JinzaiWeb/GICB102030.do?screenId=GICB102030&action=detail&detkey_Detail=01-%E3%83%A6-010019%2C0+++++,01-ユ-010019,有料職業紹介事業,北海道,,recruitment_agency,職業紹介,mhlw_verified,high,2026-05-21T11:45:46+08:00,Contact phone sourced from MHLW public occupational placement business detail page.,http://www.sapporo-syouei.co.jp/,data/raw/static_enrichment/company-2f4c3e06-page1-8a10472256.html,email_found
company-9900cdc3,株式会社 エイチビーケーサポートワーク,,,,011-671-2788,,,https://jinzai.hellowork.mhlw.go.jp/JinzaiWeb/GICB102030.do?screenId=GICB102030&action=detail&detkey_Detail=01-%E3%83%A6-010082%2C0+++++,https://jinzai.hellowork.mhlw.go.jp/JinzaiWeb/GICB102030.do?screenId=GICB102030&action=detail&detkey_Detail=01-%E3%83%A6-010082%2C0+++++,01-ユ-010082,有料職業紹介事業,北海道,,recruitment_agency,職業紹介,mhlw_verified,high,2026-05-21T11:45:46+08:00,Contact phone sourced from MHLW public occupational placement business detail page.,,,not_found
company-fdfd4207,有限会社 北見マーケットコミュニケーションズ,,,,0157-36-4052,,,https://jinzai.hellowork.mhlw.go.jp/JinzaiWeb/GICB102030.do?screenId=GICB102030&action=detail&detkey_Detail=01-%E3%83%A6-050002%2C0+++++,https://jinzai.hellowork.mhlw.go.jp/JinzaiWeb/GICB102030.do?screenId=GICB102030&action=detail&detkey_Detail=01-%E3%83%A6-050002%2C0+++++,01-ユ-050002,有料職業紹介事業,北海道,,recruitment_agency,職業紹介,mhlw_verified,high,2026-05-21T11:45:46+08:00,Contact phone sourced from MHLW public occupational placement business detail page.,,,not_found
company-50700965,株式会社 ロックウェル,,,,011-290-1800,https://rock-well.co.jp/temporarystaffing/contact,https://rock-well.co.jp/,https://jinzai.hellowork.mhlw.go.jp/JinzaiWeb/GICB102030.do?screenId=GICB102030&action=detail&detkey_Detail=01-%E3%83%A6-300012%2C0+++++,https://jinzai.hellowork.mhlw.go.jp/JinzaiWeb/GICB102030.do?screenId=GICB102030&action=detail&detkey_Detail=01-%E3%83%A6-300012%2C0+++++,01-ユ-300012,有料職業紹介事業,北海道,,recruitment_agency,職業紹介,mhlw_verified,high,2026-05-21T11:45:46+08:00,Contact phone sourced from MHLW public occupational placement business detail page.,https://rock-well.co.jp/,data/raw/static_enrichment/company-50700965-page1-63a050e71f.html,contact_form_found
company-14714f2b,株式会社 道新アクセス,,,,011-210-5549,,https://doshin-access.jp/,https://jinzai.hellowork.mhlw.go.jp/JinzaiWeb/GICB102030.do?screenId=GICB102030&action=detail&detkey_Detail=01-%E3%83%A6-300020%2C0+++++,https://jinzai.hellowork.mhlw.go.jp/JinzaiWeb/GICB102030.do?screenId=GICB102030&action=detail&detkey_Detail=01-%E3%83%A6-300020%2C0+++++,01-ユ-300020,有料職業紹介事業,北海道,,recruitment_agency,職業紹介,mhlw_verified,high,2026-05-21T11:45:46+08:00,Contact phone sourced from MHLW public occupational placement business detail page.,https://doshin-access.jp/,data/raw/static_enrichment/company-14714f2b-page1-4bb603e2ae.html,official_site_found_no_contact
company-1bde2b53,株式会社 アネックス,,,,011-867-5730,,,https://jinzai.hellowork.mhlw.go.jp/JinzaiWeb/GICB102030.do?screenId=GICB102030&action=detail&detkey_Detail=01-%E3%83%A6-300031%2C0+++++,https://jinzai.hellowork.mhlw.go.jp/JinzaiWeb/GICB102030.do?screenId=GICB102030&action=detail&detkey_Detail=01-%E3%83%A6-300031%2C0+++++,01-ユ-300031,有料職業紹介事業,北海道,,recruitment_agency,職業紹介,mhlw_verified,high,2026-05-21T11:45:46+08:00,Contact phone sourced from MHLW public occupational placement business detail page.,,,not_found
company-3961db7d,株式会社 アネックス,,,,0155-27-7222,,,https://jinzai.hellowork.mhlw.go.jp/JinzaiWeb/GICB102030.do?screenId=GICB102030&action=detail&detkey_Detail=01-%E3%83%A6-300031%2C1+++++,https://jinzai.hellowork.mhlw.go.jp/JinzaiWeb/GICB102030.do?screenId=GICB102030&action=detail&detkey_Detail=01-%E3%83%A6-300031%2C1+++++,01-ユ-300031,有料職業紹介事業,北海道,,recruitment_agency,職業紹介,mhlw_verified,high,2026-05-21T11:45:46+08:00,Contact phone sourced from MHLW public occupational placement business detail page.,,,not_found
company-a7e61177,株式会社 ファーストステップ,,,,011-892-8500,https://dream-firststep.co.jp/contact/,https://dream-firststep.co.jp/contact/,https://jinzai.hellowork.mhlw.go.jp/JinzaiWeb/GICB102030.do?screenId=GICB102030&action=detail&detkey_Detail=01-%E3%83%A6-300039%2C0+++++,https://jinzai.hellowork.mhlw.go.jp/JinzaiWeb/GICB102030.do?screenId=GICB102030&action=detail&detkey_Detail=01-%E3%83%A6-300039%2C0+++++,01-ユ-300039,有料職業紹介事業,北海道,,recruitment_agency,職業紹介,mhlw_verified,high,2026-05-21T11:45:46+08:00,Contact phone sourced from MHLW public occupational placement business detail page.,https://dream-firststep.co.jp/contact/,data/raw/static_enrichment/company-a7e61177-page1-2ca4eab5b0.html,contact_form_found
company-16a31d99,メイツセレクト 株式会社,,,,011-857-8311,,,https://jinzai.hellowork.mhlw.go.jp/JinzaiWeb/GICB102030.do?screenId=GICB102030&action=detail&detkey_Detail=01-%E3%83%A6-300046%2C0+++++,https://jinzai.hellowork.mhlw.go.jp/JinzaiWeb/GICB102030.do?screenId=GICB102030&action=detail&detkey_Detail=01-%E3%83%A6-300046%2C0+++++,01-ユ-300046,有料職業紹介事業,北海道,,recruitment_agency,職業紹介,mhlw_verified,high,2026-05-21T11:45:46+08:00,Contact phone sourced from MHLW public occupational placement business detail page.,,,not_found
company-31dc22aa,有限会社 ガーディアン美警,,,info@g-bikei.jp,0138-85-8884,,https://g-bikei.jp/,https://jinzai.hellowork.mhlw.go.jp/JinzaiWeb/GICB102030.do?screenId=GICB102030&action=detail&detkey_Detail=01-%E3%83%A6-300064%2C0+++++,https://jinzai.hellowork.mhlw.go.jp/JinzaiWeb/GICB102030.do?screenId=GICB102030&action=detail&detkey_Detail=01-%E3%83%A6-300064%2C0+++++,01-ユ-300064,有料職業紹介事業,北海道,,recruitment_agency,職業紹介,mhlw_verified,high,2026-05-21T11:45:46+08:00,Contact phone sourced from MHLW public occupational placement business detail page.,https://g-bikei.jp/,data/raw/static_enrichment/company-31dc22aa-page1-b3ff6e7587.html,email_found
company-6d46393e,モス物流プランニング 株式会社,,,,011-857-1000,,,https://jinzai.hellowork.mhlw.go.jp/JinzaiWeb/GICB102030.do?screenId=GICB102030&action=detail&detkey_Detail=01-%E3%83%A6-300089%2C0+++++,https://jinzai.hellowork.mhlw.go.jp/JinzaiWeb/GICB102030.do?screenId=GICB102030&action=detail&detkey_Detail=01-%E3%83%A6-300089%2C0+++++,01-ユ-300089,有料職業紹介事業,北海道,,recruitment_agency,職業紹介,mhlw_verified,high,2026-05-21T11:45:46+08:00,Contact phone sourced from MHLW public occupational placement business detail page.,,,not_found
company-102336d3,株式会社 アメリカンビジネスサービス,,,,011-221-1702,https://www.american-bs.co.jp/contact/,https://www.american-bs.co.jp/contact/,https://jinzai.hellowork.mhlw.go.jp/JinzaiWeb/GICB102030.do?screenId=GICB102030&action=detail&detkey_Detail=01-%E3%83%A6-300090%2C1+++++,https://jinzai.hellowork.mhlw.go.jp/JinzaiWeb/GICB102030.do?screenId=GICB102030&action=detail&detkey_Detail=01-%E3%83%A6-300090%2C1+++++,01-ユ-300090,有料職業紹介事業,北海道,,recruitment_agency,職業紹介,mhlw_verified,high,2026-05-21T11:45:46+08:00,Contact phone sourced from MHLW public occupational placement business detail page.,https://www.american-bs.co.jp/contact/,data/raw/static_enrichment/company-102336d3-page1-6c7b382f5c.html,contact_form_found
company-d3815507,株式会社 アメリカンビジネスサービス,,,,083-976-0033,https://www.american-bs.co.jp/contact/,https://www.american-bs.co.jp/contact/,https://jinzai.hellowork.mhlw.go.jp/JinzaiWeb/GICB102030.do?screenId=GICB102030&action=detail&detkey_Detail=01-%E3%83%A6-300090%2C2+++++,https://jinzai.hellowork.mhlw.go.jp/JinzaiWeb/GICB102030.do?screenId=GICB102030&action=detail&detkey_Detail=01-%E3%83%A6-300090%2C2+++++,01-ユ-300090,有料職業紹介事業,山口県,,recruitment_agency,職業紹介,mhlw_verified,high,2026-05-21T11:45:46+08:00,Contact phone sourced from MHLW public occupational placement business detail page.,https://www.american-bs.co.jp/contact/,data/raw/static_enrichment/company-d3815507-page1-6c7b382f5c.html,contact_form_found
company-21f695d1,株式会社 エルフィンウエブ,,,,011-887-8641,,,https://jinzai.hellowork.mhlw.go.jp/JinzaiWeb/GICB102030.do?screenId=GICB102030&action=detail&detkey_Detail=01-%E3%83%A6-300102%2C0+++++,https://jinzai.hellowork.mhlw.go.jp/JinzaiWeb/GICB102030.do?screenId=GICB102030&action=detail&detkey_Detail=01-%E3%83%A6-300102%2C0+++++,01-ユ-300102,有料職業紹介事業,北海道,,recruitment_agency,職業紹介,mhlw_verified,high,2026-05-21T11:45:46+08:00,Contact phone sourced from MHLW public occupational placement business detail page.,,,not_found
company-7d57a650,株式会社 ネオコーポレーション,,,,011-208-7117,,http://www.neocorporation.jp/,https://jinzai.hellowork.mhlw.go.jp/JinzaiWeb/GICB102030.do?screenId=GICB102030&action=detail&detkey_Detail=01-%E3%83%A6-300106%2C0+++++,https://jinzai.hellowork.mhlw.go.jp/JinzaiWeb/GICB102030.do?screenId=GICB102030&action=detail&detkey_Detail=01-%E3%83%A6-300106%2C0+++++,01-ユ-300106,有料職業紹介事業,北海道,,recruitment_agency,職業紹介,mhlw_verified,high,2026-05-21T11:45:46+08:00,Contact phone sourced from MHLW public occupational placement business detail page.,http://www.neocorporation.jp/,data/raw/static_enrichment/company-7d57a650-page1-2163fe190b.html,official_site_found_no_contact
company-2111bd8a,株式会社 ＢＥＣＫ,,,,011-706-0077,,,https://jinzai.hellowork.mhlw.go.jp/JinzaiWeb/GICB102030.do?screenId=GICB102030&action=detail&detkey_Detail=01-%E3%83%A6-300143%2C0+++++,https://jinzai.hellowork.mhlw.go.jp/JinzaiWeb/GICB102030.do?screenId=GICB102030&action=detail&detkey_Detail=01-%E3%83%A6-300143%2C0+++++,01-ユ-300143,有料職業紹介事業,北海道,,recruitment_agency,職業紹介,mhlw_verified,high,2026-05-21T11:45:46+08:00,Contact phone sourced from MHLW public occupational placement business detail page.,,,not_found
company-495e6b3d,リンケージサービス 株式会社,,,,011-272-2234,https://www.lsi-gpc.co.jp/contact/,https://www.lsi-gpc.co.jp/contact/,https://jinzai.hellowork.mhlw.go.jp/JinzaiWeb/GICB102030.do?screenId=GICB102030&action=detail&detkey_Detail=01-%E3%83%A6-300185%2C1+++++,https://jinzai.hellowork.mhlw.go.jp/JinzaiWeb/GICB102030.do?screenId=GICB102030&action=detail&detkey_Detail=01-%E3%83%A6-300185%2C1+++++,01-ユ-300185,有料職業紹介事業,北海道,,recruitment_agency,職業紹介,mhlw_verified,high,2026-05-21T11:45:46+08:00,Contact phone sourced from MHLW public occupational placement business detail page.,https://www.lsi-gpc.co.jp/contact/,data/raw/static_enrichment/company-495e6b3d-page1-cc81355bf1.html,contact_form_found
company-90b81456,リンケージサービス 株式会社,,,,03-6809-1318,https://www.lsi-gpc.co.jp/contact/,https://www.lsi-gpc.co.jp/contact/,https://jinzai.hellowork.mhlw.go.jp/JinzaiWeb/GICB102030.do?screenId=GICB102030&action=detail&detkey_Detail=01-%E3%83%A6-300185%2C2+++++,https://jinzai.hellowork.mhlw.go.jp/JinzaiWeb/GICB102030.do?screenId=GICB102030&action=detail&detkey_Detail=01-%E3%83%A6-300185%2C2+++++,01-ユ-300185,有料職業紹介事業,東京都,,recruitment_agency,職業紹介,mhlw_verified,high,2026-05-21T11:45:46+08:00,Contact phone sourced from MHLW public occupational placement business detail page.,https://www.lsi-gpc.co.jp/contact/,data/raw/static_enrichment/company-90b81456-page1-cc81355bf1.html,contact_form_found
company-e44a782b,株式会社 ヤマダイグループ,,,yamadai@yamadai-group.com,0138-48-0350,https://yamadai-group.com/contact/,https://yamadai-group.com/contact/,https://jinzai.hellowork.mhlw.go.jp/JinzaiWeb/GICB102030.do?screenId=GICB102030&action=detail&detkey_Detail=01-%E3%83%A6-300246%2C1+++++,https://jinzai.hellowork.mhlw.go.jp/JinzaiWeb/GICB102030.do?screenId=GICB102030&action=detail&detkey_Detail=01-%E3%83%A6-300246%2C1+++++,01-ユ-300246,有料職業紹介事業,北海道,,recruitment_agency,職業紹介,mhlw_verified,high,2026-05-21T11:45:46+08:00,Contact phone sourced from MHLW public occupational placement business detail page.,https://yamadai-group.com/contact/,data/raw/static_enrichment/company-e44a782b-page1-b8da5edd57.html,email_found
company-58542413,株式会社 ヤマダイグループ,,,yamadai@yamadai-group.com,011-522-9207,https://yamadai-group.com/contact/,https://yamadai-group.com/contact/,https://jinzai.hellowork.mhlw.go.jp/JinzaiWeb/GICB102030.do?screenId=GICB102030&action=detail&detkey_Detail=01-%E3%83%A6-300246%2C2+++++,https://jinzai.hellowork.mhlw.go.jp/JinzaiWeb/GICB102030.do?screenId=GICB102030&action=detail&detkey_Detail=01-%E3%83%A6-300246%2C2+++++,01-ユ-300246,有料職業紹介事業,北海道,,recruitment_agency,職業紹介,mhlw_verified,high,2026-05-21T11:45:46+08:00,Contact phone sourced from MHLW public occupational placement business detail page.,https://yamadai-group.com/contact/,data/raw/static_enrichment/company-58542413-page1-b8da5edd57.html,email_found
company-90534e23,株式会社 プロサポート物流,,,,011-204-8833,,,https://jinzai.hellowork.mhlw.go.jp/JinzaiWeb/GICB102030.do?screenId=GICB102030&action=detail&detkey_Detail=01-%E3%83%A6-300259%2C1+++++,https://jinzai.hellowork.mhlw.go.jp/JinzaiWeb/GICB102030.do?screenId=GICB102030&action=detail&detkey_Detail=01-%E3%83%A6-300259%2C1+++++,01-ユ-300259,有料職業紹介事業,北海道,,recruitment_agency,職業紹介,mhlw_verified,high,2026-05-21T11:45:46+08:00,Contact phone sourced from MHLW public occupational placement business detail page.,,,not_found
company-e3451244,株式会社 札総,,,,011-676-7800,,,https://jinzai.hellowork.mhlw.go.jp/JinzaiWeb/GICB102030.do?screenId=GICB102030&action=detail&detkey_Detail=01-%E3%83%A6-300273%2C1+++++,https://jinzai.hellowork.mhlw.go.jp/JinzaiWeb/GICB102030.do?screenId=GICB102030&action=detail&detkey_Detail=01-%E3%83%A6-300273%2C1+++++,01-ユ-300273,有料職業紹介事業,北海道,,recruitment_agency,職業紹介,mhlw_verified,high,2026-05-21T11:45:46+08:00,Contact phone sourced from MHLW public occupational placement business detail page.,,,not_found
company-dd61c9e6,合同会社エム・アイ・エス札幌,,,,090-7653-3636,,,https://jinzai.hellowork.mhlw.go.jp/JinzaiWeb/GICB102030.do?screenId=GICB102030&action=detail&detkey_Detail=01-%E3%83%A6-300319%2C1+++++,https://jinzai.hellowork.mhlw.go.jp/JinzaiWeb/GICB102030.do?screenId=GICB102030&action=detail&detkey_Detail=01-%E3%83%A6-300319%2C1+++++,01-ユ-300319,有料職業紹介事業,北海道,,recruitment_agency,職業紹介,mhlw_verified,high,2026-05-21T11:45:46+08:00,Contact phone sourced from MHLW public occupational placement business detail page.,,,not_found
company-a77dfeed,株式会社 ＧＳＩ,,,,011-726-7771,,,https://jinzai.hellowork.mhlw.go.jp/JinzaiWeb/GICB102030.do?screenId=GICB102030&action=detail&detkey_Detail=01-%E3%83%A6-300333%2C1+++++,https://jinzai.hellowork.mhlw.go.jp/JinzaiWeb/GICB102030.do?screenId=GICB102030&action=detail&detkey_Detail=01-%E3%83%A6-300333%2C1+++++,01-ユ-300333,有料職業紹介事業,北海道,,recruitment_agency,職業紹介,mhlw_verified,high,2026-05-21T11:45:46+08:00,Contact phone sourced from MHLW public occupational placement business detail page.,,,not_found
company-a883a512,株式会社ドルフィン,,,,045-228-8262,https://dolphin-i.com/contact,https://dolphin-i.com/contact,https://jinzai.hellowork.mhlw.go.jp/JinzaiWeb/GICB102030.do?screenId=GICB102030&action=detail&detkey_Detail=01-%E3%83%A6-300341%2C1+++++,https://jinzai.hellowork.mhlw.go.jp/JinzaiWeb/GICB102030.do?screenId=GICB102030&action=detail&detkey_Detail=01-%E3%83%A6-300341%2C1+++++,01-ユ-300341,有料職業紹介事業,神奈川県,,recruitment_agency,職業紹介,mhlw_verified,high,2026-05-21T11:45:46+08:00,Contact phone sourced from MHLW public occupational placement business detail page.,https://dolphin-i.com/contact,data/raw/static_enrichment/company-a883a512-page1-508670f2e2.html,contact_form_found
company-54c52725,株式会社エス・エム・エスサポートサービス,,,,050-1741-5555,https://www.sms-s-s.com/contact/,https://www.sms-s-s.com/contact/,https://jinzai.hellowork.mhlw.go.jp/JinzaiWeb/GICB102030.do?screenId=GICB102030&action=detail&detkey_Detail=01-%E3%83%A6-300356%2C1+++++,https://jinzai.hellowork.mhlw.go.jp/JinzaiWeb/GICB102030.do?screenId=GICB102030&action=detail&detkey_Detail=01-%E3%83%A6-300356%2C1+++++,01-ユ-300356,有料職業紹介事業,北海道,,recruitment_agency,職業紹介,mhlw_verified,high,2026-05-21T11:45:46+08:00,Contact phone sourced from MHLW public occupational placement business detail page.,https://www.sms-s-s.com/contact/,data/raw/static_enrichment/company-54c52725-page1-dbcc71d490.html,contact_form_found
company-ef13f146,株式会社 ノースグリーン,,,info@north-green.co.jp,0166-73-3337,https://north-green.co.jp/contact/,https://north-green.co.jp/contact/,https://jinzai.hellowork.mhlw.go.jp/JinzaiWeb/GICB102030.do?screenId=GICB102030&action=detail&detkey_Detail=01-%E3%83%A6-300357%2C1+++++,https://jinzai.hellowork.mhlw.go.jp/JinzaiWeb/GICB102030.do?screenId=GICB102030&action=detail&detkey_Detail=01-%E3%83%A6-300357%2C1+++++,01-ユ-300357,有料職業紹介事業,北海道,,recruitment_agency,職業紹介,mhlw_verified,high,2026-05-21T11:45:46+08:00,Contact phone sourced from MHLW public occupational placement business detail page.,https://north-green.co.jp/contact/,data/raw/static_enrichment/company-ef13f146-page1-6ded160c74.html,email_found
company-9d56a610,株式会社グラン・メディコ,,,,011-898-7700,https://www.shoureikan.jp/g-medico/contact.html,https://www.shoureikan.jp/g-medico/contact.html,https://jinzai.hellowork.mhlw.go.jp/JinzaiWeb/GICB102030.do?screenId=GICB102030&action=detail&detkey_Detail=01-%E3%83%A6-300362%2C1+++++,https://jinzai.hellowork.mhlw.go.jp/JinzaiWeb/GICB102030.do?screenId=GICB102030&action=detail&detkey_Detail=01-%E3%83%A6-300362%2C1+++++,01-ユ-300362,有料職業紹介事業,北海道,,recruitment_agency,職業紹介,mhlw_verified,high,2026-05-21T11:45:46+08:00,Contact phone sourced from MHLW public occupational placement business detail page.,https://www.shoureikan.jp/g-medico/contact.html,data/raw/static_enrichment/company-9d56a610-page1-846937577e.html,contact_form_found
company-8964c5c7,三鉱建設株式会社,,,,0125-52-3111,,,https://jinzai.hellowork.mhlw.go.jp/JinzaiWeb/GICB102030.do?screenId=GICB102030&action=detail&detkey_Detail=01-%E3%83%A6-300363%2C1+++++,https://jinzai.hellowork.mhlw.go.jp/JinzaiWeb/GICB102030.do?screenId=GICB102030&action=detail&detkey_Detail=01-%E3%83%A6-300363%2C1+++++,01-ユ-300363,有料職業紹介事業,北海道,,recruitment_agency,職業紹介,mhlw_verified,high,2026-05-21T11:45:46+08:00,Contact phone sourced from MHLW public occupational placement business detail page.,,,not_found
company-d7a3f304,株式会社大原キャリアスタッフ北海道,,,,011-707-1211,,,https://jinzai.hellowork.mhlw.go.jp/JinzaiWeb/GICB102030.do?screenId=GICB102030&action=detail&detkey_Detail=01-%E3%83%A6-300364%2C1+++++,https://jinzai.hellowork.mhlw.go.jp/JinzaiWeb/GICB102030.do?screenId=GICB102030&action=detail&detkey_Detail=01-%E3%83%A6-300364%2C1+++++,01-ユ-300364,有料職業紹介事業,北海道,,recruitment_agency,職業紹介,mhlw_verified,high,2026-05-21T11:45:46+08:00,Contact phone sourced from MHLW public occupational placement business detail page.,,,not_found
company-7106e213,株式会社 エーピーアール,,,,011-211-1047,,,https://jinzai.hellowork.mhlw.go.jp/JinzaiWeb/GICB102030.do?screenId=GICB102030&action=detail&detkey_Detail=01-%E3%83%A6-300390%2C1+++++,https://jinzai.hellowork.mhlw.go.jp/JinzaiWeb/GICB102030.do?screenId=GICB102030&action=detail&detkey_Detail=01-%E3%83%A6-300390%2C1+++++,01-ユ-300390,有料職業紹介事業,北海道,,recruitment_agency,職業紹介,mhlw_verified,high,2026-05-21T11:45:46+08:00,Contact phone sourced from MHLW public occupational placement business detail page.,,,not_found
company-8ba60540,楡創研 株式会社,,,,011-233-4919,,,https://jinzai.hellowork.mhlw.go.jp/JinzaiWeb/GICB102030.do?screenId=GICB102030&action=detail&detkey_Detail=01-%E3%83%A6-300395%2C1+++++,https://jinzai.hellowork.mhlw.go.jp/JinzaiWeb/GICB102030.do?screenId=GICB102030&action=detail&detkey_Detail=01-%E3%83%A6-300395%2C1+++++,01-ユ-300395,有料職業紹介事業,北海道,,recruitment_agency,職業紹介,mhlw_verified,high,2026-05-21T11:45:46+08:00,Contact phone sourced from MHLW public occupational placement business detail page.,,,not_found
company-c7679cbe,株式会社 ソフトガーデン,,,,011-211-4435,,https://www.soft-garden.co.jp/,https://jinzai.hellowork.mhlw.go.jp/JinzaiWeb/GICB102030.do?screenId=GICB102030&action=detail&detkey_Detail=01-%E3%83%A6-300398%2C1+++++,https://jinzai.hellowork.mhlw.go.jp/JinzaiWeb/GICB102030.do?screenId=GICB102030&action=detail&detkey_Detail=01-%E3%83%A6-300398%2C1+++++,01-ユ-300398,有料職業紹介事業,北海道,,recruitment_agency,職業紹介,mhlw_verified,high,2026-05-21T11:45:46+08:00,Contact phone sourced from MHLW public occupational placement business detail page.,https://www.soft-garden.co.jp/,data/raw/static_enrichment/company-c7679cbe-page1-93f55dd6d0.html,official_site_found_no_contact
company-5199a227,株式会社 ソフトガーデン,,,,045-594-7544,,https://www.soft-garden.co.jp/,https://jinzai.hellowork.mhlw.go.jp/JinzaiWeb/GICB102030.do?screenId=GICB102030&action=detail&detkey_Detail=01-%E3%83%A6-300398%2C2+++++,https://jinzai.hellowork.mhlw.go.jp/JinzaiWeb/GICB102030.do?screenId=GICB102030&action=detail&detkey_Detail=01-%E3%83%A6-300398%2C2+++++,01-ユ-300398,有料職業紹介事業,神奈川県,,recruitment_agency,職業紹介,mhlw_verified,high,2026-05-21T11:45:46+08:00,Contact phone sourced from MHLW public occupational placement business detail page.,https://www.soft-garden.co.jp/,data/raw/static_enrichment/company-5199a227-page1-93f55dd6d0.html,official_site_found_no_contact
company-6460faa6,伊達環境管理株式会社,,,,0142-25-3391,https://www.datekan.co.jp/contact,https://www.datekan.co.jp/,https://jinzai.hellowork.mhlw.go.jp/JinzaiWeb/GICB102030.do?screenId=GICB102030&action=detail&detkey_Detail=01-%E3%83%A6-300404%2C1+++++,https://jinzai.hellowork.mhlw.go.jp/JinzaiWeb/GICB102030.do?screenId=GICB102030&action=detail&detkey_Detail=01-%E3%83%A6-300404%2C1+++++,01-ユ-300404,有料職業紹介事業,北海道,,recruitment_agency,職業紹介,mhlw_verified,high,2026-05-21T11:45:46+08:00,Contact phone sourced from MHLW public occupational placement business detail page.,https://www.datekan.co.jp/,data/raw/static_enrichment/company-6460faa6-page1-7d9d7d7993.html,contact_form_found
company-509ae6cc,株式会社 ＮＴＴネクシア,,,,03-6384-3934,,,https://jinzai.hellowork.mhlw.go.jp/JinzaiWeb/GICB102030.do?screenId=GICB102030&action=detail&detkey_Detail=01-%E3%83%A6-300412%2C0+++++,https://jinzai.hellowork.mhlw.go.jp/JinzaiWeb/GICB102030.do?screenId=GICB102030&action=detail&detkey_Detail=01-%E3%83%A6-300412%2C0+++++,01-ユ-300412,有料職業紹介事業,東京都,,recruitment_agency,職業紹介,mhlw_verified,high,2026-05-21T11:45:46+08:00,Contact phone sourced from MHLW public occupational placement business detail page.,,,not_found
company-81eec7c3,株式会社 ＮＴＴネクシア,,,,06-6314-0120,,,https://jinzai.hellowork.mhlw.go.jp/JinzaiWeb/GICB102030.do?screenId=GICB102030&action=detail&detkey_Detail=01-%E3%83%A6-300412%2C2+++++,https://jinzai.hellowork.mhlw.go.jp/JinzaiWeb/GICB102030.do?screenId=GICB102030&action=detail&detkey_Detail=01-%E3%83%A6-300412%2C2+++++,01-ユ-300412,有料職業紹介事業,大阪府,,recruitment_agency,職業紹介,mhlw_verified,high,2026-05-21T11:45:46+08:00,Contact phone sourced from MHLW public occupational placement business detail page.,,,not_found
company-bdec1b1d,株式会社 ＮＴＴネクシア,,,,011-241-9583,,,https://jinzai.hellowork.mhlw.go.jp/JinzaiWeb/GICB102030.do?screenId=GICB102030&action=detail&detkey_Detail=01-%E3%83%A6-300412%2C18++++,https://jinzai.hellowork.mhlw.go.jp/JinzaiWeb/GICB102030.do?screenId=GICB102030&action=detail&detkey_Detail=01-%E3%83%A6-300412%2C18++++,01-ユ-300412,有料職業紹介事業,北海道,,recruitment_agency,職業紹介,mhlw_verified,high,2026-05-21T11:45:46+08:00,Contact phone sourced from MHLW public occupational placement business detail page.,,,not_found
company-e93e0b5e,株式会社 Ｍａｍｍｙ Ｐｒｏ,,,,011-206-9150,,,https://jinzai.hellowork.mhlw.go.jp/JinzaiWeb/GICB102030.do?screenId=GICB102030&action=detail&detkey_Detail=01-%E3%83%A6-300415%2C1+++++,https://jinzai.hellowork.mhlw.go.jp/JinzaiWeb/GICB102030.do?screenId=GICB102030&action=detail&detkey_Detail=01-%E3%83%A6-300415%2C1+++++,01-ユ-300415,有料職業紹介事業,北海道,,recruitment_agency,職業紹介,mhlw_verified,high,2026-05-21T11:45:46+08:00,Contact phone sourced from MHLW public occupational placement business detail page.,,,not_found
company-183cda18,小石川 志津加,,,,0144-77-5913,,,https://jinzai.hellowork.mhlw.go.jp/JinzaiWeb/GICB102030.do?screenId=GICB102030&action=detail&detkey_Detail=01-%E3%83%A6-300430%2C1+++++,https://jinzai.hellowork.mhlw.go.jp/JinzaiWeb/GICB102030.do?screenId=GICB102030&action=detail&detkey_Detail=01-%E3%83%A6-300430%2C1+++++,01-ユ-300430,有料職業紹介事業,北海道,,recruitment_agency,職業紹介,mhlw_verified,high,2026-05-21T11:45:46+08:00,Contact phone sourced from MHLW public occupational placement business detail page.,,,not_found
company-a190ca12,株式会社 ＨＫＳ ＪＡＰＡＮ,,,,0123-21-8092,,,https://jinzai.hellowork.mhlw.go.jp/JinzaiWeb/GICB102030.do?screenId=GICB102030&action=detail&detkey_Detail=01-%E3%83%A6-300436%2C1+++++,https://jinzai.hellowork.mhlw.go.jp/JinzaiWeb/GICB102030.do?screenId=GICB102030&action=detail&detkey_Detail=01-%E3%83%A6-300436%2C1+++++,01-ユ-300436,有料職業紹介事業,北海道,,recruitment_agency,職業紹介,mhlw_verified,high,2026-05-21T11:45:46+08:00,Contact phone sourced from MHLW public occupational placement business detail page.,,,not_found
company-f63f5b74,社会医療法人社団 三草会,,,,011-782-6160,,https://clarkwsc.web.fc2.com/,https://jinzai.hellowork.mhlw.go.jp/JinzaiWeb/GICB102030.do?screenId=GICB102030&action=detail&detkey_Detail=01-%E3%83%A6-300443%2C1+++++,https://jinzai.hellowork.mhlw.go.jp/JinzaiWeb/GICB102030.do?screenId=GICB102030&action=detail&detkey_Detail=01-%E3%83%A6-300443%2C1+++++,01-ユ-300443,有料職業紹介事業,北海道,,recruitment_agency,職業紹介,mhlw_verified,high,2026-05-21T11:45:46+08:00,Contact phone sourced from MHLW public occupational placement business detail page.,https://clarkwsc.web.fc2.com/,,not_found
company-e8be14dc,株式会社 サンコー,,,,011-885-3500,,,https://jinzai.hellowork.mhlw.go.jp/JinzaiWeb/GICB102030.do?screenId=GICB102030&action=detail&detkey_Detail=01-%E3%83%A6-300446%2C1+++++,https://jinzai.hellowork.mhlw.go.jp/JinzaiWeb/GICB102030.do?screenId=GICB102030&action=detail&detkey_Detail=01-%E3%83%A6-300446%2C1+++++,01-ユ-300446,有料職業紹介事業,北海道,,recruitment_agency,職業紹介,mhlw_verified,high,2026-05-21T11:45:46+08:00,Contact phone sourced from MHLW public occupational placement business detail page.,,,not_found
company-ff8b1207,株式会社 ＳＰＩ,,,,0123-25-9212,,,https://jinzai.hellowork.mhlw.go.jp/JinzaiWeb/GICB102030.do?screenId=GICB102030&action=detail&detkey_Detail=01-%E3%83%A6-300447%2C1+++++,https://jinzai.hellowork.mhlw.go.jp/JinzaiWeb/GICB102030.do?screenId=GICB102030&action=detail&detkey_Detail=01-%E3%83%A6-300447%2C1+++++,01-ユ-300447,有料職業紹介事業,北海道,,recruitment_agency,職業紹介,mhlw_verified,high,2026-05-21T11:45:46+08:00,Contact phone sourced from MHLW public occupational placement business detail page.,,,not_found
company-36e5f022,株式会社 ビツグベン,,,,011-775-5730,,,https://jinzai.hellowork.mhlw.go.jp/JinzaiWeb/GICB102030.do?screenId=GICB102030&action=detail&detkey_Detail=01-%E3%83%A6-300461%2C1+++++,https://jinzai.hellowork.mhlw.go.jp/JinzaiWeb/GICB102030.do?screenId=GICB102030&action=detail&detkey_Detail=01-%E3%83%A6-300461%2C1+++++,01-ユ-300461,有料職業紹介事業,北海道,,recruitment_agency,職業紹介,mhlw_verified,high,2026-05-21T11:45:46+08:00,Contact phone sourced from MHLW public occupational placement business detail page.,,,not_found
company-b0ff65e1,株式会社 ノーステクノロジー,,,,011-707-5344,,,https://jinzai.hellowork.mhlw.go.jp/JinzaiWeb/GICB102030.do?screenId=GICB102030&action=detail&detkey_Detail=01-%E3%83%A6-300472%2C1+++++,https://jinzai.hellowork.mhlw.go.jp/JinzaiWeb/GICB102030.do?screenId=GICB102030&action=detail&detkey_Detail=01-%E3%83%A6-300472%2C1+++++,01-ユ-300472,有料職業紹介事業,北海道,,recruitment_agency,職業紹介,mhlw_verified,high,2026-05-21T11:45:46+08:00,Contact phone sourced from MHLW public occupational placement business detail page.,,,not_found
company-f2ec46a8,合通プラス 株式会社,,,,0144-84-8071,,,https://jinzai.hellowork.mhlw.go.jp/JinzaiWeb/GICB102030.do?screenId=GICB102030&action=detail&detkey_Detail=01-%E3%83%A6-300476%2C1+++++,https://jinzai.hellowork.mhlw.go.jp/JinzaiWeb/GICB102030.do?screenId=GICB102030&action=detail&detkey_Detail=01-%E3%83%A6-300476%2C1+++++,01-ユ-300476,有料職業紹介事業,北海道,,recruitment_agency,職業紹介,mhlw_verified,high,2026-05-21T11:45:46+08:00,Contact phone sourced from MHLW public occupational placement business detail page.,,,not_found
company-26b23460,株式会社 サクライサービス,,,,011-881-1788,,,https://jinzai.hellowork.mhlw.go.jp/JinzaiWeb/GICB102030.do?screenId=GICB102030&action=detail&detkey_Detail=01-%E3%83%A6-300483%2C1+++++,https://jinzai.hellowork.mhlw.go.jp/JinzaiWeb/GICB102030.do?screenId=GICB102030&action=detail&detkey_Detail=01-%E3%83%A6-300483%2C1+++++,01-ユ-300483,有料職業紹介事業,北海道,,recruitment_agency,職業紹介,mhlw_verified,high,2026-05-21T11:45:46+08:00,Contact phone sourced from MHLW public occupational placement business detail page.,,,not_found
company-02bd96ba,株式会社 ドリームサポート,,,,0155-30-1050,,,https://jinzai.hellowork.mhlw.go.jp/JinzaiWeb/GICB102030.do?screenId=GICB102030&action=detail&detkey_Detail=01-%E3%83%A6-300502%2C1+++++,https://jinzai.hellowork.mhlw.go.jp/JinzaiWeb/GICB102030.do?screenId=GICB102030&action=detail&detkey_Detail=01-%E3%83%A6-300502%2C1+++++,01-ユ-300502,有料職業紹介事業,北海道,,recruitment_agency,職業紹介,mhlw_verified,high,2026-05-21T11:45:46+08:00,Contact phone sourced from MHLW public occupational placement business detail page.,,,not_found
company-5d765acd,有限会社 コミュニティ,,,,0158-24-6522,,,https://jinzai.hellowork.mhlw.go.jp/JinzaiWeb/GICB102030.do?screenId=GICB102030&action=detail&detkey_Detail=01-%E3%83%A6-300520%2C1+++++,https://jinzai.hellowork.mhlw.go.jp/JinzaiWeb/GICB102030.do?screenId=GICB102030&action=detail&detkey_Detail=01-%E3%83%A6-300520%2C1+++++,01-ユ-300520,有料職業紹介事業,北海道,,recruitment_agency,職業紹介,mhlw_verified,high,2026-05-21T11:45:46+08:00,Contact phone sourced from MHLW public occupational placement business detail page.,,,not_found
company-3620cec6,株式会社 １３１,,,,011-612-0131,,,https://jinzai.hellowork.mhlw.go.jp/JinzaiWeb/GICB102030.do?screenId=GICB102030&action=detail&detkey_Detail=01-%E3%83%A6-300530%2C1+++++,https://jinzai.hellowork.mhlw.go.jp/JinzaiWeb/GICB102030.do?screenId=GICB102030&action=detail&detkey_Detail=01-%E3%83%A6-300530%2C1+++++,01-ユ-300530,有料職業紹介事業,北海道,,recruitment_agency,職業紹介,mhlw_verified,high,2026-05-21T11:45:46+08:00,Contact phone sourced from MHLW public occupational placement business detail page.,,,not_found
company-5a4c7851,エイトカラーファームズ 株式会社,,,,0145-47-7811,,,https://jinzai.hellowork.mhlw.go.jp/JinzaiWeb/GICB102030.do?screenId=GICB102030&action=detail&detkey_Detail=01-%E3%83%A6-300532%2C1+++++,https://jinzai.hellowork.mhlw.go.jp/JinzaiWeb/GICB102030.do?screenId=GICB102030&action=detail&detkey_Detail=01-%E3%83%A6-300532%2C1+++++,01-ユ-300532,有料職業紹介事業,北海道,,recruitment_agency,職業紹介,mhlw_verified,high,2026-05-21T11:45:46+08:00,Contact phone sourced from MHLW public occupational placement business detail page.,,,not_found
company-9cd356d0,おかげさまカンパニー 株式会社,,,,090-7513-8862,,,https://jinzai.hellowork.mhlw.go.jp/JinzaiWeb/GICB102030.do?screenId=GICB102030&action=detail&detkey_Detail=01-%E3%83%A6-300533%2C1+++++,https://jinzai.hellowork.mhlw.go.jp/JinzaiWeb/GICB102030.do?screenId=GICB102030&action=detail&detkey_Detail=01-%E3%83%A6-300533%2C1+++++,01-ユ-300533,有料職業紹介事業,北海道,,recruitment_agency,職業紹介,mhlw_verified,high,2026-05-21T11:45:46+08:00,Contact phone sourced from MHLW public occupational placement business detail page.,,,not_found
company-c86446a0,千歳相互観光バス 株式会社,,,,011-377-8811,,,https://jinzai.hellowork.mhlw.go.jp/JinzaiWeb/GICB102030.do?screenId=GICB102030&action=detail&detkey_Detail=01-%E3%83%A6-300543%2C1+++++,https://jinzai.hellowork.mhlw.go.jp/JinzaiWeb/GICB102030.do?screenId=GICB102030&action=detail&detkey_Detail=01-%E3%83%A6-300543%2C1+++++,01-ユ-300543,有料職業紹介事業,北海道,,recruitment_agency,職業紹介,mhlw_verified,high,2026-05-21T11:45:46+08:00,Contact phone sourced from MHLW public occupational placement business detail page.,,,not_found
company-2dc50941,特定非営利活動法人 北海道ＮＰＯサポートセンター,,,,070-5289-4135,,,https://jinzai.hellowork.mhlw.go.jp/JinzaiWeb/GICB102030.do?screenId=GICB102030&action=detail&detkey_Detail=01-%E3%83%A6-300547%2C1+++++,https://jinzai.hellowork.mhlw.go.jp/JinzaiWeb/GICB102030.do?screenId=GICB102030&action=detail&detkey_Detail=01-%E3%83%A6-300547%2C1+++++,01-ユ-300547,有料職業紹介事業,北海道,,recruitment_agency,職業紹介,mhlw_verified,high,2026-05-21T11:45:46+08:00,Contact phone sourced from MHLW public occupational placement business detail page.,,,not_found
company-4a4935ac,株式会社ＭＩＫ,,,,011-299-7361,,,https://jinzai.hellowork.mhlw.go.jp/JinzaiWeb/GICB102030.do?screenId=GICB102030&action=detail&detkey_Detail=01-%E3%83%A6-300554%2C1+++++,https://jinzai.hellowork.mhlw.go.jp/JinzaiWeb/GICB102030.do?screenId=GICB102030&action=detail&detkey_Detail=01-%E3%83%A6-300554%2C1+++++,01-ユ-300554,有料職業紹介事業,北海道,,recruitment_agency,職業紹介,mhlw_verified,high,2026-05-21T11:45:46+08:00,Contact phone sourced from MHLW public occupational placement business detail page.,,,not_found
company-fda78e37,株式会社 ガロード,,,,0155-67-8961,,,https://jinzai.hellowork.mhlw.go.jp/JinzaiWeb/GICB102030.do?screenId=GICB102030&action=detail&detkey_Detail=01-%E3%83%A6-300555%2C1+++++,https://jinzai.hellowork.mhlw.go.jp/JinzaiWeb/GICB102030.do?screenId=GICB102030&action=detail&detkey_Detail=01-%E3%83%A6-300555%2C1+++++,01-ユ-300555,有料職業紹介事業,北海道,,recruitment_agency,職業紹介,mhlw_verified,high,2026-05-21T11:45:46+08:00,Contact phone sourced from MHLW public occupational placement business detail page.,,,not_found
company-57e0da4d,株式会社 ドリーム,,,,011-381-3299,,,https://jinzai.hellowork.mhlw.go.jp/JinzaiWeb/GICB102030.do?screenId=GICB102030&action=detail&detkey_Detail=01-%E3%83%A6-300564%2C1+++++,https://jinzai.hellowork.mhlw.go.jp/JinzaiWeb/GICB102030.do?screenId=GICB102030&action=detail&detkey_Detail=01-%E3%83%A6-300564%2C1+++++,01-ユ-300564,有料職業紹介事業,北海道,,recruitment_agency,職業紹介,mhlw_verified,high,2026-05-21T11:45:46+08:00,Contact phone sourced from MHLW public occupational placement business detail page.,,,not_found
company-f98f87c1,北日本産業 株式会社,,,,0144-51-6888,,,https://jinzai.hellowork.mhlw.go.jp/JinzaiWeb/GICB102030.do?screenId=GICB102030&action=detail&detkey_Detail=01-%E3%83%A6-300569%2C1+++++,https://jinzai.hellowork.mhlw.go.jp/JinzaiWeb/GICB102030.do?screenId=GICB102030&action=detail&detkey_Detail=01-%E3%83%A6-300569%2C1+++++,01-ユ-300569,有料職業紹介事業,北海道,,recruitment_agency,職業紹介,mhlw_verified,high,2026-05-21T11:45:46+08:00,Contact phone sourced from MHLW public occupational placement business detail page.,,,not_found
company-b67942cb,フロンティアパートナーＦＡＳ 株式会社,,,,070-6605-0508,,,https://jinzai.hellowork.mhlw.go.jp/JinzaiWeb/GICB102030.do?screenId=GICB102030&action=detail&detkey_Detail=01-%E3%83%A6-300570%2C1+++++,https://jinzai.hellowork.mhlw.go.jp/JinzaiWeb/GICB102030.do?screenId=GICB102030&action=detail&detkey_Detail=01-%E3%83%A6-300570%2C1+++++,01-ユ-300570,有料職業紹介事業,北海道,,recruitment_agency,職業紹介,mhlw_verified,high,2026-05-21T11:45:46+08:00,Contact phone sourced from MHLW public occupational placement business detail page.,,,not_found
company-8e30d72a,株式会社 池内システムサービス,,,,011-211-6185,,,https://jinzai.hellowork.mhlw.go.jp/JinzaiWeb/GICB102030.do?screenId=GICB102030&action=detail&detkey_Detail=01-%E3%83%A6-300581%2C1+++++,https://jinzai.hellowork.mhlw.go.jp/JinzaiWeb/GICB102030.do?screenId=GICB102030&action=detail&detkey_Detail=01-%E3%83%A6-300581%2C1+++++,01-ユ-300581,有料職業紹介事業,北海道,,recruitment_agency,職業紹介,mhlw_verified,high,2026-05-21T11:45:46+08:00,Contact phone sourced from MHLW public occupational placement business detail page.,,,not_found
company-d673e07a,株式会社 トーホーエンジニアリング,,,,011-837-8010,,,https://jinzai.hellowork.mhlw.go.jp/JinzaiWeb/GICB102030.do?screenId=GICB102030&action=detail&detkey_Detail=01-%E3%83%A6-300590%2C1+++++,https://jinzai.hellowork.mhlw.go.jp/JinzaiWeb/GICB102030.do?screenId=GICB102030&action=detail&detkey_Detail=01-%E3%83%A6-300590%2C1+++++,01-ユ-300590,有料職業紹介事業,北海道,,recruitment_agency,職業紹介,mhlw_verified,high,2026-05-21T11:45:46+08:00,Contact phone sourced from MHLW public occupational placement business detail page.,,,not_found
company-6f9ee6f7,株式会社 ｋａｎｐｒｏ‐ｗｏｒｋ,,,,011-676-4378,,,https://jinzai.hellowork.mhlw.go.jp/JinzaiWeb/GICB102030.do?screenId=GICB102030&action=detail&detkey_Detail=01-%E3%83%A6-300591%2C1+++++,https://jinzai.hellowork.mhlw.go.jp/JinzaiWeb/GICB102030.do?screenId=GICB102030&action=detail&detkey_Detail=01-%E3%83%A6-300591%2C1+++++,01-ユ-300591,有料職業紹介事業,北海道,,recruitment_agency,職業紹介,mhlw_verified,high,2026-05-21T11:45:46+08:00,Contact phone sourced from MHLW public occupational placement business detail page.,,,not_found
company-307b6ad9,株式会社 かんだ,,,,0138-43-5000,,,https://jinzai.hellowork.mhlw.go.jp/JinzaiWeb/GICB102030.do?screenId=GICB102030&action=detail&detkey_Detail=01-%E3%83%A6-300602%2C1+++++,https://jinzai.hellowork.mhlw.go.jp/JinzaiWeb/GICB102030.do?screenId=GICB102030&action=detail&detkey_Detail=01-%E3%83%A6-300602%2C1+++++,01-ユ-300602,有料職業紹介事業,北海道,,recruitment_agency,職業紹介,mhlw_verified,high,2026-05-21T11:45:46+08:00,Contact phone sourced from MHLW public occupational placement business detail page.,,,not_found
company-3ef9383d,坂口 眞一,,,,090-1647-6161,,,https://jinzai.hellowork.mhlw.go.jp/JinzaiWeb/GICB102030.do?screenId=GICB102030&action=detail&detkey_Detail=01-%E3%83%A6-300605%2C1+++++,https://jinzai.hellowork.mhlw.go.jp/JinzaiWeb/GICB102030.do?screenId=GICB102030&action=detail&detkey_Detail=01-%E3%83%A6-300605%2C1+++++,01-ユ-300605,有料職業紹介事業,北海道,,recruitment_agency,職業紹介,mhlw_verified,high,2026-05-21T11:45:46+08:00,Contact phone sourced from MHLW public occupational placement business detail page.,,,not_found
company-1feaf1c3,株式会社 エス・イー・ジャパン,,,,011-577-1396,,,https://jinzai.hellowork.mhlw.go.jp/JinzaiWeb/GICB102030.do?screenId=GICB102030&action=detail&detkey_Detail=01-%E3%83%A6-300607%2C1+++++,https://jinzai.hellowork.mhlw.go.jp/JinzaiWeb/GICB102030.do?screenId=GICB102030&action=detail&detkey_Detail=01-%E3%83%A6-300607%2C1+++++,01-ユ-300607,有料職業紹介事業,北海道,,recruitment_agency,職業紹介,mhlw_verified,high,2026-05-21T11:45:46+08:00,Contact phone sourced from MHLW public occupational placement business detail page.,,,not_found
company-b2f6580c,株式会社 ギヤサポート,,,,0155-29-2126,,,https://jinzai.hellowork.mhlw.go.jp/JinzaiWeb/GICB102030.do?screenId=GICB102030&action=detail&detkey_Detail=01-%E3%83%A6-300621%2C1+++++,https://jinzai.hellowork.mhlw.go.jp/JinzaiWeb/GICB102030.do?screenId=GICB102030&action=detail&detkey_Detail=01-%E3%83%A6-300621%2C1+++++,01-ユ-300621,有料職業紹介事業,北海道,,recruitment_agency,職業紹介,mhlw_verified,high,2026-05-21T11:45:46+08:00,Contact phone sourced from MHLW public occupational placement business detail page.,,,not_found
company-9ff1c8b1,株式会社 ミュートネット,,,,0138-66-2201,,,https://jinzai.hellowork.mhlw.go.jp/JinzaiWeb/GICB102030.do?screenId=GICB102030&action=detail&detkey_Detail=01-%E3%83%A6-300639%2C1+++++,https://jinzai.hellowork.mhlw.go.jp/JinzaiWeb/GICB102030.do?screenId=GICB102030&action=detail&detkey_Detail=01-%E3%83%A6-300639%2C1+++++,01-ユ-300639,有料職業紹介事業,北海道,,recruitment_agency,職業紹介,mhlw_verified,high,2026-05-21T11:45:46+08:00,Contact phone sourced from MHLW public occupational placement business detail page.,,,not_found
company-df28e5dc,株式会社 一寸房,,,,011-215-0127,,,https://jinzai.hellowork.mhlw.go.jp/JinzaiWeb/GICB102030.do?screenId=GICB102030&action=detail&detkey_Detail=01-%E3%83%A6-300641%2C1+++++,https://jinzai.hellowork.mhlw.go.jp/JinzaiWeb/GICB102030.do?screenId=GICB102030&action=detail&detkey_Detail=01-%E3%83%A6-300641%2C1+++++,01-ユ-300641,有料職業紹介事業,北海道,,recruitment_agency,職業紹介,mhlw_verified,high,2026-05-21T11:45:46+08:00,Contact phone sourced from MHLW public occupational placement business detail page.,,,not_found
company-35deb070,株式会社 Ｓ．Ｉ．Ｃ,,,,0155-66-6475,,,https://jinzai.hellowork.mhlw.go.jp/JinzaiWeb/GICB102030.do?screenId=GICB102030&action=detail&detkey_Detail=01-%E3%83%A6-300642%2C1+++++,https://jinzai.hellowork.mhlw.go.jp/JinzaiWeb/GICB102030.do?screenId=GICB102030&action=detail&detkey_Detail=01-%E3%83%A6-300642%2C1+++++,01-ユ-300642,有料職業紹介事業,北海道,,recruitment_agency,職業紹介,mhlw_verified,high,2026-05-21T11:45:46+08:00,Contact phone sourced from MHLW public occupational placement business detail page.,,,not_found
company-27caec90,荒井 輝夫,,,,080-4395-4246,,,https://jinzai.hellowork.mhlw.go.jp/JinzaiWeb/GICB102030.do?screenId=GICB102030&action=detail&detkey_Detail=01-%E3%83%A6-300655%2C1+++++,https://jinzai.hellowork.mhlw.go.jp/JinzaiWeb/GICB102030.do?screenId=GICB102030&action=detail&detkey_Detail=01-%E3%83%A6-300655%2C1+++++,01-ユ-300655,有料職業紹介事業,北海道,,recruitment_agency,職業紹介,mhlw_verified,high,2026-05-21T11:45:46+08:00,Contact phone sourced from MHLW public occupational placement business detail page.,,,not_found
company-fcf7fbfb,株式会社 キャリアパートナー,,,,011-200-0108,,,https://jinzai.hellowork.mhlw.go.jp/JinzaiWeb/GICB102030.do?screenId=GICB102030&action=detail&detkey_Detail=01-%E3%83%A6-300665%2C1+++++,https://jinzai.hellowork.mhlw.go.jp/JinzaiWeb/GICB102030.do?screenId=GICB102030&action=detail&detkey_Detail=01-%E3%83%A6-300665%2C1+++++,01-ユ-300665,有料職業紹介事業,北海道,,recruitment_agency,職業紹介,mhlw_verified,high,2026-05-21T11:45:46+08:00,Contact phone sourced from MHLW public occupational placement business detail page.,,,not_found
company-7d3127c6,株式会社 コミュニティーワークス,,,,0126-33-9214,,,https://jinzai.hellowork.mhlw.go.jp/JinzaiWeb/GICB102030.do?screenId=GICB102030&action=detail&detkey_Detail=01-%E3%83%A6-300669%2C1+++++,https://jinzai.hellowork.mhlw.go.jp/JinzaiWeb/GICB102030.do?screenId=GICB102030&action=detail&detkey_Detail=01-%E3%83%A6-300669%2C1+++++,01-ユ-300669,有料職業紹介事業,北海道,,recruitment_agency,職業紹介,mhlw_verified,high,2026-05-21T11:45:46+08:00,Contact phone sourced from MHLW public occupational placement business detail page.,,,not_found
company-59edd624,株式会社 ＬＥＡＦ,,,,011-522-8839,,,https://jinzai.hellowork.mhlw.go.jp/JinzaiWeb/GICB102030.do?screenId=GICB102030&action=detail&detkey_Detail=01-%E3%83%A6-300674%2C1+++++,https://jinzai.hellowork.mhlw.go.jp/JinzaiWeb/GICB102030.do?screenId=GICB102030&action=detail&detkey_Detail=01-%E3%83%A6-300674%2C1+++++,01-ユ-300674,有料職業紹介事業,北海道,,recruitment_agency,職業紹介,mhlw_verified,high,2026-05-21T11:45:46+08:00,Contact phone sourced from MHLW public occupational placement business detail page.,,,not_found
company-02b088cf,株式会社 ノースモバイル,,,,011-218-4142,,,https://jinzai.hellowork.mhlw.go.jp/JinzaiWeb/GICB102030.do?screenId=GICB102030&action=detail&detkey_Detail=01-%E3%83%A6-300677%2C1+++++,https://jinzai.hellowork.mhlw.go.jp/JinzaiWeb/GICB102030.do?screenId=GICB102030&action=detail&detkey_Detail=01-%E3%83%A6-300677%2C1+++++,01-ユ-300677,有料職業紹介事業,北海道,,recruitment_agency,職業紹介,mhlw_verified,high,2026-05-21T11:45:46+08:00,Contact phone sourced from MHLW public occupational placement business detail page.,,,not_found
company-45e3306d,株式会社 オガワヤ,,,,090-2819-9647,,,https://jinzai.hellowork.mhlw.go.jp/JinzaiWeb/GICB102030.do?screenId=GICB102030&action=detail&detkey_Detail=01-%E3%83%A6-300680%2C1+++++,https://jinzai.hellowork.mhlw.go.jp/JinzaiWeb/GICB102030.do?screenId=GICB102030&action=detail&detkey_Detail=01-%E3%83%A6-300680%2C1+++++,01-ユ-300680,有料職業紹介事業,北海道,,recruitment_agency,職業紹介,mhlw_verified,high,2026-05-21T11:45:46+08:00,Contact phone sourced from MHLW public occupational placement business detail page.,,,not_found
company-f7027ed6,Ｎ＆ｓｔａｒ 合同会社,,,,070-4795-3955,,,https://jinzai.hellowork.mhlw.go.jp/JinzaiWeb/GICB102030.do?screenId=GICB102030&action=detail&detkey_Detail=01-%E3%83%A6-300690%2C1+++++,https://jinzai.hellowork.mhlw.go.jp/JinzaiWeb/GICB102030.do?screenId=GICB102030&action=detail&detkey_Detail=01-%E3%83%A6-300690%2C1+++++,01-ユ-300690,有料職業紹介事業,北海道,,recruitment_agency,職業紹介,mhlw_verified,high,2026-05-21T11:45:46+08:00,Contact phone sourced from MHLW public occupational placement business detail page.,,,not_found
company-c0314bce,株式会社 ＹＮＳトラスト,,,,090-5076-2927,,,https://jinzai.hellowork.mhlw.go.jp/JinzaiWeb/GICB102030.do?screenId=GICB102030&action=detail&detkey_Detail=01-%E3%83%A6-300705%2C1+++++,https://jinzai.hellowork.mhlw.go.jp/JinzaiWeb/GICB102030.do?screenId=GICB102030&action=detail&detkey_Detail=01-%E3%83%A6-300705%2C1+++++,01-ユ-300705,有料職業紹介事業,北海道,,recruitment_agency,職業紹介,mhlw_verified,high,2026-05-21T11:45:46+08:00,Contact phone sourced from MHLW public occupational placement business detail page.,,,not_found
company-33e2bcc5,名美興業 株式会社,,,,0138-31-5389,https://meibi.co.jp/contact/,https://meibi.co.jp/company/,https://jinzai.hellowork.mhlw.go.jp/JinzaiWeb/GICB102030.do?screenId=GICB102030&action=detail&detkey_Detail=01-%E3%83%A6-300740%2C1+++++,https://jinzai.hellowork.mhlw.go.jp/JinzaiWeb/GICB102030.do?screenId=GICB102030&action=detail&detkey_Detail=01-%E3%83%A6-300740%2C1+++++,01-ユ-300740,有料職業紹介事業,北海道,,recruitment_agency,職業紹介,mhlw_verified,high,2026-05-21T11:45:46+08:00,Contact phone sourced from MHLW public occupational placement business detail page.,https://meibi.co.jp/company/,data/raw/static_enrichment/company-33e2bcc5-page1-a7ba38a3cd.html,contact_form_found
company-dff4f12e,鈴蘭ビルサービス 株式会社,,,,0155-32-3800,,,https://jinzai.hellowork.mhlw.go.jp/JinzaiWeb/GICB102030.do?screenId=GICB102030&action=detail&detkey_Detail=01-%E3%83%A6-300741%2C1+++++,https://jinzai.hellowork.mhlw.go.jp/JinzaiWeb/GICB102030.do?screenId=GICB102030&action=detail&detkey_Detail=01-%E3%83%A6-300741%2C1+++++,01-ユ-300741,有料職業紹介事業,北海道,,recruitment_agency,職業紹介,mhlw_verified,high,2026-05-21T11:45:46+08:00,Contact phone sourced from MHLW public occupational placement business detail page.,,,not_found
company-301b26e5,北海道農業協同組合中央会,,,,011-232-6411,,,https://jinzai.hellowork.mhlw.go.jp/JinzaiWeb/GICB102030.do?screenId=GICB102030&action=detail&detkey_Detail=01-%E3%83%A6-300747%2C1+++++,https://jinzai.hellowork.mhlw.go.jp/JinzaiWeb/GICB102030.do?screenId=GICB102030&action=detail&detkey_Detail=01-%E3%83%A6-300747%2C1+++++,01-ユ-300747,有料職業紹介事業,北海道,,recruitment_agency,職業紹介,mhlw_verified,high,2026-05-21T11:45:46+08:00,Contact phone sourced from MHLW public occupational placement business detail page.,,,not_found
company-14c11b56,株式会社 Ｎｏｒｔｈ Ｌｕｃｅ,,,,080-3506-0879,,,https://jinzai.hellowork.mhlw.go.jp/JinzaiWeb/GICB102030.do?screenId=GICB102030&action=detail&detkey_Detail=01-%E3%83%A6-300752%2C1+++++,https://jinzai.hellowork.mhlw.go.jp/JinzaiWeb/GICB102030.do?screenId=GICB102030&action=detail&detkey_Detail=01-%E3%83%A6-300752%2C1+++++,01-ユ-300752,有料職業紹介事業,北海道,,recruitment_agency,職業紹介,mhlw_verified,high,2026-05-21T11:45:46+08:00,Contact phone sourced from MHLW public occupational placement business detail page.,,,not_found
company-4e05c1b4,学校法人 北工学園,,,,0166-82-4520,,,https://jinzai.hellowork.mhlw.go.jp/JinzaiWeb/GICB102030.do?screenId=GICB102030&action=detail&detkey_Detail=01-%E3%83%A6-300753%2C1+++++,https://jinzai.hellowork.mhlw.go.jp/JinzaiWeb/GICB102030.do?screenId=GICB102030&action=detail&detkey_Detail=01-%E3%83%A6-300753%2C1+++++,01-ユ-300753,有料職業紹介事業,北海道,,recruitment_agency,職業紹介,mhlw_verified,high,2026-05-21T11:45:46+08:00,Contact phone sourced from MHLW public occupational placement business detail page.,,,not_found
company-218489b5,株式会社 セキュアスタッフ,,,,0166-74-7448,,,https://jinzai.hellowork.mhlw.go.jp/JinzaiWeb/GICB102030.do?screenId=GICB102030&action=detail&detkey_Detail=01-%E3%83%A6-300758%2C1+++++,https://jinzai.hellowork.mhlw.go.jp/JinzaiWeb/GICB102030.do?screenId=GICB102030&action=detail&detkey_Detail=01-%E3%83%A6-300758%2C1+++++,01-ユ-300758,有料職業紹介事業,北海道,,recruitment_agency,職業紹介,mhlw_verified,high,2026-05-21T11:45:46+08:00,Contact phone sourced from MHLW public occupational placement business detail page.,,,not_found
company-164148f7,一般社団法人 国際人材育成支援協会,,,,011-330-8982,,,https://jinzai.hellowork.mhlw.go.jp/JinzaiWeb/GICB102030.do?screenId=GICB102030&action=detail&detkey_Detail=01-%E3%83%A6-300771%2C1+++++,https://jinzai.hellowork.mhlw.go.jp/JinzaiWeb/GICB102030.do?screenId=GICB102030&action=detail&detkey_Detail=01-%E3%83%A6-300771%2C1+++++,01-ユ-300771,有料職業紹介事業,北海道,,recruitment_agency,職業紹介,mhlw_verified,high,2026-05-21T11:45:46+08:00,Contact phone sourced from MHLW public occupational placement business detail page.,,,not_found
company-ba265401,Ｆｏｒｃｅ Ｌｉｎｋ Ｎｅｘｔ 株式会社,,,,011-376-5714,,,https://jinzai.hellowork.mhlw.go.jp/JinzaiWeb/GICB102030.do?screenId=GICB102030&action=detail&detkey_Detail=01-%E3%83%A6-300784%2C1+++++,https://jinzai.hellowork.mhlw.go.jp/JinzaiWeb/GICB102030.do?screenId=GICB102030&action=detail&detkey_Detail=01-%E3%83%A6-300784%2C1+++++,01-ユ-300784,有料職業紹介事業,北海道,,recruitment_agency,職業紹介,mhlw_verified,high,2026-05-21T11:45:46+08:00,Contact phone sourced from MHLW public occupational placement business detail page.,,,not_found
company-aaa6bcc1,株式会社 Ａｕｂｕ,,,,011-859-1113,,,https://jinzai.hellowork.mhlw.go.jp/JinzaiWeb/GICB102030.do?screenId=GICB102030&action=detail&detkey_Detail=01-%E3%83%A6-300786%2C1+++++,https://jinzai.hellowork.mhlw.go.jp/JinzaiWeb/GICB102030.do?screenId=GICB102030&action=detail&detkey_Detail=01-%E3%83%A6-300786%2C1+++++,01-ユ-300786,有料職業紹介事業,北海道,,recruitment_agency,職業紹介,mhlw_verified,high,2026-05-21T11:45:46+08:00,Contact phone sourced from MHLW public occupational placement business detail page.,,,not_found
company-27981079,株式会社 ＦＡＢ,,,,011-792-7217,,,https://jinzai.hellowork.mhlw.go.jp/JinzaiWeb/GICB102030.do?screenId=GICB102030&action=detail&detkey_Detail=01-%E3%83%A6-300797%2C1+++++,https://jinzai.hellowork.mhlw.go.jp/JinzaiWeb/GICB102030.do?screenId=GICB102030&action=detail&detkey_Detail=01-%E3%83%A6-300797%2C1+++++,01-ユ-300797,有料職業紹介事業,北海道,,recruitment_agency,職業紹介,mhlw_verified,high,2026-05-21T11:45:46+08:00,Contact phone sourced from MHLW public occupational placement business detail page.,,,not_found
company-b34f069c,株式会社 ヒューマンイノベーションラボ,,,,011-806-2726,,,https://jinzai.hellowork.mhlw.go.jp/JinzaiWeb/GICB102030.do?screenId=GICB102030&action=detail&detkey_Detail=01-%E3%83%A6-300821%2C1+++++,https://jinzai.hellowork.mhlw.go.jp/JinzaiWeb/GICB102030.do?screenId=GICB102030&action=detail&detkey_Detail=01-%E3%83%A6-300821%2C1+++++,01-ユ-300821,有料職業紹介事業,北海道,,recruitment_agency,職業紹介,mhlw_verified,high,2026-05-21T11:45:46+08:00,Contact phone sourced from MHLW public occupational placement business detail page.,,,not_found
company-023c0ef7,Ｒトラスト 合同会社,,,,050-8892-0940,,,https://jinzai.hellowork.mhlw.go.jp/JinzaiWeb/GICB102030.do?screenId=GICB102030&action=detail&detkey_Detail=01-%E3%83%A6-300831%2C1+++++,https://jinzai.hellowork.mhlw.go.jp/JinzaiWeb/GICB102030.do?screenId=GICB102030&action=detail&detkey_Detail=01-%E3%83%A6-300831%2C1+++++,01-ユ-300831,有料職業紹介事業,北海道,,recruitment_agency,職業紹介,mhlw_verified,high,2026-05-21T11:45:46+08:00,Contact phone sourced from MHLW public occupational placement business detail page.,,,not_found
company-bd87d29e,アミューズメント北海道 株式会社,,,,011-219-1501,,,https://jinzai.hellowork.mhlw.go.jp/JinzaiWeb/GICB102030.do?screenId=GICB102030&action=detail&detkey_Detail=01-%E3%83%A6-300847%2C1+++++,https://jinzai.hellowork.mhlw.go.jp/JinzaiWeb/GICB102030.do?screenId=GICB102030&action=detail&detkey_Detail=01-%E3%83%A6-300847%2C1+++++,01-ユ-300847,有料職業紹介事業,北海道,,recruitment_agency,職業紹介,mhlw_verified,high,2026-05-21T11:45:46+08:00,Contact phone sourced from MHLW public occupational placement business detail page.,,,not_found
company-c288b86a,株式会社 ＪＡＰＡＮ ＱＵＡＬＩＴＹ,,,,011-792-0058,,,https://jinzai.hellowork.mhlw.go.jp/JinzaiWeb/GICB102030.do?screenId=GICB102030&action=detail&detkey_Detail=01-%E3%83%A6-300851%2C1+++++,https://jinzai.hellowork.mhlw.go.jp/JinzaiWeb/GICB102030.do?screenId=GICB102030&action=detail&detkey_Detail=01-%E3%83%A6-300851%2C1+++++,01-ユ-300851,有料職業紹介事業,北海道,,recruitment_agency,職業紹介,mhlw_verified,high,2026-05-21T11:45:46+08:00,Contact phone sourced from MHLW public occupational placement business detail page.,,,not_found
company-028aa873,株式会社 ケイズ,,,,011-807-0299,,,https://jinzai.hellowork.mhlw.go.jp/JinzaiWeb/GICB102030.do?screenId=GICB102030&action=detail&detkey_Detail=01-%E3%83%A6-300863%2C1+++++,https://jinzai.hellowork.mhlw.go.jp/JinzaiWeb/GICB102030.do?screenId=GICB102030&action=detail&detkey_Detail=01-%E3%83%A6-300863%2C1+++++,01-ユ-300863,有料職業紹介事業,北海道,,recruitment_agency,職業紹介,mhlw_verified,high,2026-05-21T11:45:46+08:00,Contact phone sourced from MHLW public occupational placement business detail page.,,,not_found
company-b1d96198,株式会社 チセイ,,,,0155-28-3378,,,https://jinzai.hellowork.mhlw.go.jp/JinzaiWeb/GICB102030.do?screenId=GICB102030&action=detail&detkey_Detail=01-%E3%83%A6-300874%2C1+++++,https://jinzai.hellowork.mhlw.go.jp/JinzaiWeb/GICB102030.do?screenId=GICB102030&action=detail&detkey_Detail=01-%E3%83%A6-300874%2C1+++++,01-ユ-300874,有料職業紹介事業,北海道,,recruitment_agency,職業紹介,mhlw_verified,high,2026-05-21T11:45:46+08:00,Contact phone sourced from MHLW public occupational placement business detail page.,,,not_found
company-2986ef04,ＮｅＸ 株式会社,,,,050-6868-2779,,,https://jinzai.hellowork.mhlw.go.jp/JinzaiWeb/GICB102030.do?screenId=GICB102030&action=detail&detkey_Detail=01-%E3%83%A6-300876%2C1+++++,https://jinzai.hellowork.mhlw.go.jp/JinzaiWeb/GICB102030.do?screenId=GICB102030&action=detail&detkey_Detail=01-%E3%83%A6-300876%2C1+++++,01-ユ-300876,有料職業紹介事業,北海道,,recruitment_agency,職業紹介,mhlw_verified,high,2026-05-21T11:45:46+08:00,Contact phone sourced from MHLW public occupational placement business detail page.,,,not_found
company-90b06893,札幌駅総合開発 株式会社,,,,011-209-5082,,,https://jinzai.hellowork.mhlw.go.jp/JinzaiWeb/GICB102030.do?screenId=GICB102030&action=detail&detkey_Detail=01-%E3%83%A6-300887%2C1+++++,https://jinzai.hellowork.mhlw.go.jp/JinzaiWeb/GICB102030.do?screenId=GICB102030&action=detail&detkey_Detail=01-%E3%83%A6-300887%2C1+++++,01-ユ-300887,有料職業紹介事業,北海道,,recruitment_agency,職業紹介,mhlw_verified,high,2026-05-21T11:45:46+08:00,Contact phone sourced from MHLW public occupational placement business detail page.,,,not_found
company-7ee661d9,クリニックコンサルティングサービス 株式会社,,,,090-5506-0475,,,https://jinzai.hellowork.mhlw.go.jp/JinzaiWeb/GICB102030.do?screenId=GICB102030&action=detail&detkey_Detail=01-%E3%83%A6-300893%2C1+++++,https://jinzai.hellowork.mhlw.go.jp/JinzaiWeb/GICB102030.do?screenId=GICB102030&action=detail&detkey_Detail=01-%E3%83%A6-300893%2C1+++++,01-ユ-300893,有料職業紹介事業,北海道,,recruitment_agency,職業紹介,mhlw_verified,high,2026-05-21T11:45:46+08:00,Contact phone sourced from MHLW public occupational placement business detail page.,,,not_found
company-bf96ef8d,ＫＳコンサル 株式会社,,,,011-598-8984,,,https://jinzai.hellowork.mhlw.go.jp/JinzaiWeb/GICB102030.do?screenId=GICB102030&action=detail&detkey_Detail=01-%E3%83%A6-300899%2C1+++++,https://jinzai.hellowork.mhlw.go.jp/JinzaiWeb/GICB102030.do?screenId=GICB102030&action=detail&detkey_Detail=01-%E3%83%A6-300899%2C1+++++,01-ユ-300899,有料職業紹介事業,北海道,,recruitment_agency,職業紹介,mhlw_verified,high,2026-05-21T11:45:46+08:00,Contact phone sourced from MHLW public occupational placement business detail page.,,,not_found
company-a6ded4a3,ＷＡＧＡＯ 株式会社,,,,011-206-0212,,,https://jinzai.hellowork.mhlw.go.jp/JinzaiWeb/GICB102030.do?screenId=GICB102030&action=detail&detkey_Detail=01-%E3%83%A6-300909%2C1+++++,https://jinzai.hellowork.mhlw.go.jp/JinzaiWeb/GICB102030.do?screenId=GICB102030&action=detail&detkey_Detail=01-%E3%83%A6-300909%2C1+++++,01-ユ-300909,有料職業紹介事業,北海道,,recruitment_agency,職業紹介,mhlw_verified,high,2026-05-21T11:45:46+08:00,Contact phone sourced from MHLW public occupational placement business detail page.,,,not_found
company-9356992b,片山 一幸,,,,090-3890-0365,,,https://jinzai.hellowork.mhlw.go.jp/JinzaiWeb/GICB102030.do?screenId=GICB102030&action=detail&detkey_Detail=01-%E3%83%A6-300913%2C1+++++,https://jinzai.hellowork.mhlw.go.jp/JinzaiWeb/GICB102030.do?screenId=GICB102030&action=detail&detkey_Detail=01-%E3%83%A6-300913%2C1+++++,01-ユ-300913,有料職業紹介事業,北海道,,recruitment_agency,職業紹介,mhlw_verified,high,2026-05-21T11:45:46+08:00,Contact phone sourced from MHLW public occupational placement business detail page.,,,not_found
