记录ID,公司名称,联系人,职位,邮箱,电话,联系表单链接,公司官网,基础来源URL,厚生劳动省来源URL,许可证号,许可类型,城市或都道府县,专业领域,业务分类,猎头匹配度,猎头匹配理由,证据关键词,验证状态,可信度,来源访问时间,备注,邮箱或表单证据URL,邮箱或表单证据原始路径,邮箱补充状态
company-e44a782b,株式会社 ヤマダイグループ,,,yamadai@yamadai-group.com,0138-48-0350,https://yamadai-group.com/contact/,https://yamadai-group.com/contact/,https://jinzai.hellowork.mhlw.go.jp/JinzaiWeb/GICB102030.do?screenId=GICB102030&action=detail&detkey_Detail=01-%E3%83%A6-300246%2C1+++++,https://jinzai.hellowork.mhlw.go.jp/JinzaiWeb/GICB102030.do?screenId=GICB102030&action=detail&detkey_Detail=01-%E3%83%A6-300246%2C1+++++,01-ユ-300246,有料職業紹介事業,北海道,全行业,recruitment_agency,high,Official/public evidence contains strong hunter signal: 役員紹介.,有料職業紹介事業; 厚生労働省,mhlw_verified,high,2026-05-22T10:12:25+08:00,Contact phone sourced from MHLW public occupational placement business detail page.,https://yamadai-group.com/contact/,data/runs/20260522-101225/raw/static/company-e44a782b-page1-b8da5edd57.html,email_found
company-58542413,株式会社 ヤマダイグループ,,,yamadai@yamadai-group.com,011-522-9207,https://yamadai-group.com/contact/,https://yamadai-group.com/contact/,https://jinzai.hellowork.mhlw.go.jp/JinzaiWeb/GICB102030.do?screenId=GICB102030&action=detail&detkey_Detail=01-%E3%83%A6-300246%2C2+++++,https://jinzai.hellowork.mhlw.go.jp/JinzaiWeb/GICB102030.do?screenId=GICB102030&action=detail&detkey_Detail=01-%E3%83%A6-300246%2C2+++++,01-ユ-300246,有料職業紹介事業,北海道,全行业,recruitment_agency,high,Official/public evidence contains strong hunter signal: 役員紹介.,有料職業紹介事業; 厚生労働省,mhlw_verified,high,2026-05-22T10:12:25+08:00,Contact phone sourced from MHLW public occupational placement business detail page.,https://yamadai-group.com/contact/,data/runs/20260522-101225/raw/static/company-58542413-page1-b8da5edd57.html,email_found
company-d7a3f304,株式会社大原キャリアスタッフ北海道,,,,011-707-1211,https://www.o-hara-cs.net/script/mailform/support/,https://o-hara-cs.net,https://jinzai.hellowork.mhlw.go.jp/JinzaiWeb/GICB102030.do?screenId=GICB102030&action=detail&detkey_Detail=01-%E3%83%A6-300364%2C1+++++,https://jinzai.hellowork.mhlw.go.jp/JinzaiWeb/GICB102030.do?screenId=GICB102030&action=detail&detkey_Detail=01-%E3%83%A6-300364%2C1+++++,01-ユ-300364,有料職業紹介事業,北海道,全行业,recruitment_agency,medium,General recruitment/placement agency using keywords jinkai-shokai (人材紹介) and tenshoku-shien (転職支援); no headhunting-specific keywords found.,有料職業紹介事業; 厚生労働省,mhlw_verified,high,2026-05-22T10:12:25+08:00,"Contact phone sourced from MHLW public occupational placement business detail page.; Agent contact enrichment: Official site o-hara-cs.net confirmed by company name, phone 011-707-1211, and MHLW license 01-ユ-300364 on company profile page. No public email found. Public inquiry/contact form found at /script/mailform/support/. Company is part of Ohara Gakuen group providing comprehensive HR services (placement, temp staffing, job ads) focused on accounting/tax/bookkeeping positions.",https://www.o-hara-cs.net/script/mailform/support/,/Users/frankqdwang/MLE/hunterdata/data/runs/20260522-101225/raw/agents/agent-016/company-d7a3f304-contact.txt,agent_contact_form_found
company-7106e213,株式会社 エーピーアール,,,,011-211-1047,https://northcareer.com/#reserve,https://northcareer.com/,https://jinzai.hellowork.mhlw.go.jp/JinzaiWeb/GICB102030.do?screenId=GICB102030&action=detail&detkey_Detail=01-%E3%83%A6-300390%2C1+++++,https://jinzai.hellowork.mhlw.go.jp/JinzaiWeb/GICB102030.do?screenId=GICB102030&action=detail&detkey_Detail=01-%E3%83%A6-300390%2C1+++++,01-ユ-300390,有料職業紹介事業,北海道,全行业,recruitment_agency,medium,"MHLW license is 有料職業紹介事業 and site describes 人材紹介 services, indicating general recruitment/placement positioning",有料職業紹介事業; 厚生労働省,mhlw_verified,high,2026-05-22T10:12:25+08:00,"Contact phone sourced from MHLW public occupational placement business detail page.; Agent contact enrichment: MHLW page proves company identity (会社名: 株式会社 エーピーアール, license: 01-ユ-300390, phone: 011-211-1047) and lists northcareer.com as official URL. Official site northcareer.com has a contact form at the #reserve anchor. No public email address published. Site title includes 人材派遣 but core licensed business is 有料職業紹介事業.",https://jinzai.hellowork.mhlw.go.jp/JinzaiWeb/GICB102030.do?screenId=GICB102030&action=detail&detkey_Detail=01-%E3%83%A6-300390%2C1+++++,/Users/frankqdwang/MLE/hunterdata/data/runs/20260522-101225/raw/agents/agent-017/company-7106e213-mhlw.txt,agent_contact_form_found
company-e93e0b5e,株式会社 Ｍａｍｍｙ Ｐｒｏ,,,staff@mammypro.jp,011-206-9150,https://www.mamanavi.tv/company/contact/,https://www.mamanavi.tv/,https://jinzai.hellowork.mhlw.go.jp/JinzaiWeb/GICB102030.do?screenId=GICB102030&action=detail&detkey_Detail=01-%E3%83%A6-300415%2C1+++++,https://jinzai.hellowork.mhlw.go.jp/JinzaiWeb/GICB102030.do?screenId=GICB102030&action=detail&detkey_Detail=01-%E3%83%A6-300415%2C1+++++,01-ユ-300415,有料職業紹介事業,北海道,全行业,recruitment_agency,medium,有料職業紹介事業（ママナビ職業紹介所）を運営しており人材紹介の信号があるが、主軸は子育て支援メディアでありヘッドハンティング/エグゼクティブサーチの明確な信号は確認できず。,有料職業紹介事業; 厚生労働省,mhlw_verified,high,2026-05-22T10:12:25+08:00,"Contact phone sourced from MHLW public occupational placement business detail page.; Agent contact enrichment: Public business email staff@mammypro.jp confirmed on the official company about page (mamanavi.tv/company/about/). Identity strongly confirmed by MHLW license number, phone number, and address match. Contact form also available at /company/contact/.",https://www.mamanavi.tv/company/about/,/Users/frankqdwang/MLE/hunterdata/data/runs/20260522-101225/raw/agents/agent-024/company-e93e0b5e-about.txt,agent_email_found
company-f63f5b74,社会医療法人社団 三草会,,,,011-782-6160,https://form1ssl.fc2.com/form/?id=70f5e97b3724c210,https://sansoukai.or.jp/,https://jinzai.hellowork.mhlw.go.jp/JinzaiWeb/GICB102030.do?screenId=GICB102030&action=detail&detkey_Detail=01-%E3%83%A6-300443%2C1+++++,https://jinzai.hellowork.mhlw.go.jp/JinzaiWeb/GICB102030.do?screenId=GICB102030&action=detail&detkey_Detail=01-%E3%83%A6-300443%2C1+++++,01-ユ-300443,有料職業紹介事業,北海道,全行业,recruitment_agency,medium,有料職業紹介事業 (paid placement) license found on Clark Work Support Center page; no headhunting/executive search keywords present,有料職業紹介事業; 厚生労働省,mhlw_verified,high,2026-05-22T10:12:25+08:00,"Contact phone sourced from MHLW public occupational placement business detail page.; Agent contact enrichment: Confirmed contact form (https://form1ssl.fc2.com/form/?id=70f5e97b3724c210) on Clark Work Support Center FC2 site matching company name, address, and license number 01-ユ-300443. Official hospital site sansoukai.or.jp confirms company identity with matching phone 011-782-6160. No public business email found.",https://clarkwsc.web.fc2.com/,/Users/frankqdwang/MLE/hunterdata/data/runs/20260522-101225/raw/agents/agent-027/company-f63f5b74-fc2.txt,agent_contact_form_found
company-36e5f022,株式会社 ビツグベン,,,,011-775-5730,,,https://jinzai.hellowork.mhlw.go.jp/JinzaiWeb/GICB102030.do?screenId=GICB102030&action=detail&detkey_Detail=01-%E3%83%A6-300461%2C1+++++,https://jinzai.hellowork.mhlw.go.jp/JinzaiWeb/GICB102030.do?screenId=GICB102030&action=detail&detkey_Detail=01-%E3%83%A6-300461%2C1+++++,01-ユ-300461,有料職業紹介事業,北海道,全行业,recruitment_agency,medium,MHLW license 有料職業紹介事業 and Rikunabi listing 人材派遣・職業紹介 confirm general job placement/recruitment agency,有料職業紹介事業; 厚生労働省,mhlw_verified,high,2026-05-22T10:12:25+08:00,"Contact phone sourced from MHLW public occupational placement business detail page.; Agent contact enrichment: MHLW page confirms company name (株式会社ビツグベン/ビッグベン), phone 011-775-5730, and license 01-ユ-300461 at Hokkaido address. big-ben.co.jp (Fukuoka video production) and bigbenn.jp (Tokyo talent management) are different companies. No public email, contact form, or official website found for this Hokkaido-based staffing agency despite thorough search across Google, gBizINFO, Yahoo Maps, and recruitment platforms.",https://jinzai.hellowork.mhlw.go.jp/JinzaiWeb/GICB102030.do?screenId=GICB102030&action=detail&detkey_Detail=01-%E3%83%A6-300461%2C1+++++,/Users/frankqdwang/MLE/hunterdata/data/runs/20260522-101225/raw/agents/agent-030/company-36e5f022-mhlw.txt,agent_not_found
company-f2ec46a8,合通プラス 株式会社,,,,0144-84-8071,,,https://jinzai.hellowork.mhlw.go.jp/JinzaiWeb/GICB102030.do?screenId=GICB102030&action=detail&detkey_Detail=01-%E3%83%A6-300476%2C1+++++,https://jinzai.hellowork.mhlw.go.jp/JinzaiWeb/GICB102030.do?screenId=GICB102030&action=detail&detkey_Detail=01-%E3%83%A6-300476%2C1+++++,01-ユ-300476,有料職業紹介事業,北海道,全行业,recruitment_agency,medium,MHLW 有料職業紹介 license confirms paid placement business; also listed under 人材 industry on SalesNow and Doda,有料職業紹介事業; 厚生労働省,mhlw_verified,high,2026-05-22T10:12:25+08:00,"Contact phone sourced from MHLW public occupational placement business detail page.; Agent contact enrichment: Company has no independent website. Confirmed subsidiary of 合通ロジ group via parent company site, Wikipedia, and gBizINFO. No public email, contact form, or website found after checking MHLW, gotsu.co.jp, Doda, gBizINFO, SalesNow, Google search, and Wikipedia. Seven Dokobot reads completed with valid meta files.",https://jinzai.hellowork.mhlw.go.jp/JinzaiWeb/GICB102030.do?screenId=GICB102030&action=detail&detkey_Detail=01-%E3%83%A6-300476%2C1+++++,/Users/frankqdwang/MLE/hunterdata/data/runs/20260522-101225/raw/agents/agent-032/company-f2ec46a8-mhlw.txt,agent_not_found
company-3620cec6,株式会社 １３１,,,,011-612-0131,https://131.co.jp/contact/,https://131.co.jp/,https://jinzai.hellowork.mhlw.go.jp/JinzaiWeb/GICB102030.do?screenId=GICB102030&action=detail&detkey_Detail=01-%E3%83%A6-300530%2C1+++++,https://jinzai.hellowork.mhlw.go.jp/JinzaiWeb/GICB102030.do?screenId=GICB102030&action=detail&detkey_Detail=01-%E3%83%A6-300530%2C1+++++,01-ユ-300530,有料職業紹介事業,北海道,全行业,recruitment_agency,medium,"Company website confirms 人材紹介事業 (job placement/introduction) as core business, a general recruitment signal; no headhunting/executive-search keywords found",有料職業紹介事業; 厚生労働省,mhlw_verified,high,2026-05-22T10:12:25+08:00,"Contact phone sourced from MHLW public occupational placement business detail page.; Agent contact enrichment: No public email on official site. Contact form at https://131.co.jp/contact/ is the sole inquiry channel. Identity confirmed via matching phone 011-612-0131, address, and MHLW license 01-ユ-300530.",https://131.co.jp/contact/,/Users/frankqdwang/MLE/hunterdata/data/runs/20260522-101225/raw/agents/agent-036/company-3620cec6-contact.txt,agent_contact_form_found
company-9cd356d0,おかげさまカンパニー 株式会社,,,,090-7513-8862,,,https://jinzai.hellowork.mhlw.go.jp/JinzaiWeb/GICB102030.do?screenId=GICB102030&action=detail&detkey_Detail=01-%E3%83%A6-300533%2C1+++++,https://jinzai.hellowork.mhlw.go.jp/JinzaiWeb/GICB102030.do?screenId=GICB102030&action=detail&detkey_Detail=01-%E3%83%A6-300533%2C1+++++,01-ユ-300533,有料職業紹介事業,北海道,全行业,recruitment_agency,high,Company name '副社長バンク' (Vice President Bank) directly signals executive search/headhunting for C-suite/VP positions,有料職業紹介事業; 厚生労働省,mhlw_verified,high,2026-05-22T10:12:25+08:00,"Contact phone sourced from MHLW public occupational placement business detail page.; Agent contact enrichment: Company changed name from おかげさまカンパニー to 副社長バンク株式会社 on 2025-12-09. Extensive search via Dokobot (MHLW, alarmbox, gBizINFO, Google search, Yahoo Maps, G-Search) found no public website, email, or contact form. Company has MHLW 有料職業紹介事業 license 01-ユ-300533, confirming paid employment placement. Company name '副社長バンク' clearly indicates headhunting/executive search positioning.",https://jinzai.hellowork.mhlw.go.jp/JinzaiWeb/GICB102030.do?screenId=GICB102030&action=detail&detkey_Detail=01-%E3%83%A6-300533%2C1+++++,/Users/frankqdwang/MLE/hunterdata/data/runs/20260522-101225/raw/agents/agent-038/company-9cd356d0-mhlw.txt,agent_not_found
company-4a4935ac,株式会社ＭＩＫ,,,,011-299-7361,https://www.mik-s.jp/contact,https://www.mik-s.jp/,https://jinzai.hellowork.mhlw.go.jp/JinzaiWeb/GICB102030.do?screenId=GICB102030&action=detail&detkey_Detail=01-%E3%83%A6-300554%2C1+++++,https://jinzai.hellowork.mhlw.go.jp/JinzaiWeb/GICB102030.do?screenId=GICB102030&action=detail&detkey_Detail=01-%E3%83%A6-300554%2C1+++++,01-ユ-300554,有料職業紹介事業,北海道,全行业,recruitment_agency,medium,"Has paid placement license (有料職業紹介) and human solution positioning, but primarily engineer dispatch (労働者派遣) staffing business",有料職業紹介事業; 厚生労働省,mhlw_verified,high,2026-05-22T10:12:25+08:00,"Contact phone sourced from MHLW public occupational placement business detail page.; Agent contact enrichment: Company identity confirmed via phone 011-299-7361, license 01-ユ-300554, and address match on mik-s.jp/gaiyou. No email published; public contact form at /contact is the official inquiry channel. Primary business is engineer staffing/dispatch with secondary paid placement services.",https://www.mik-s.jp/gaiyou,/Users/frankqdwang/MLE/hunterdata/data/runs/20260522-101225/raw/agents/agent-041/company-4a4935ac-gaiyou.txt,agent_contact_form_found
company-1feaf1c3,株式会社 エス・イー・ジャパン,,,,011-577-1396,https://www.campus-add.com/contact,https://www.campus-add.com,https://jinzai.hellowork.mhlw.go.jp/JinzaiWeb/GICB102030.do?screenId=GICB102030&action=detail&detkey_Detail=01-%E3%83%A6-300607%2C1+++++,https://jinzai.hellowork.mhlw.go.jp/JinzaiWeb/GICB102030.do?screenId=GICB102030&action=detail&detkey_Detail=01-%E3%83%A6-300607%2C1+++++,01-ユ-300607,有料職業紹介事業,北海道,全行业,recruitment_agency,medium,"Company operates job-hunting support (就活支援), recruitment support (採用支援), and paid placement (有料職業紹介); no headhunting or executive search keywords found.",有料職業紹介事業; 厚生労働省,mhlw_verified,high,2026-05-22T10:12:25+08:00,"Contact phone sourced from MHLW public occupational placement business detail page.; Agent contact enrichment: Confirmed company identity via MHLW license match on Campus Add company page (same license 01-ユ-300607, same address, same phone). Official company website is campus-add.com. Contact page has an inquiry form.",https://www.campus-add.com/company,/Users/frankqdwang/MLE/hunterdata/data/runs/20260522-101225/raw/agents/agent-051/company-1feaf1c3-campus-add.txt,agent_contact_form_found
company-27caec90,荒井 輝夫,,,info@ta-yokusuru.com,080-4395-4246,https://ta-yokusuru.com/contact/,https://ta-yokusuru.com/,https://jinzai.hellowork.mhlw.go.jp/JinzaiWeb/GICB102030.do?screenId=GICB102030&action=detail&detkey_Detail=01-%E3%83%A6-300655%2C1+++++,https://jinzai.hellowork.mhlw.go.jp/JinzaiWeb/GICB102030.do?screenId=GICB102030&action=detail&detkey_Detail=01-%E3%83%A6-300655%2C1+++++,01-ユ-300655,有料職業紹介事業,北海道,全行业,recruitment_agency,medium,"Positioned as hotel-industry 人材紹介/転職支援/転職エージェント; general recruitment signals, no executive-search or headhunting keywords.",有料職業紹介事業; 厚生労働省,mhlw_verified,high,2026-05-22T10:12:25+08:00,"Contact phone sourced from MHLW public occupational placement business detail page.; Agent contact enrichment: MHLW page confirmed trading name T&A YOKUSURU under operator 荒井 輝夫. Official website ta-yokusuru.com verified via MHLW link reference, matching address, phone, and license number. Company page publicly lists info@ta-yokusuru.com. Contact form also available at /contact/.",https://ta-yokusuru.com/company/,/Users/frankqdwang/MLE/hunterdata/data/runs/20260522-101225/raw/agents/agent-056/company-27caec90-company.txt,agent_email_found
company-45e3306d,株式会社 オガワヤ,,,yohei@ogawaya.info,090-2819-9647,,https://13labo.com,https://jinzai.hellowork.mhlw.go.jp/JinzaiWeb/GICB102030.do?screenId=GICB102030&action=detail&detkey_Detail=01-%E3%83%A6-300680%2C1+++++,https://jinzai.hellowork.mhlw.go.jp/JinzaiWeb/GICB102030.do?screenId=GICB102030&action=detail&detkey_Detail=01-%E3%83%A6-300680%2C1+++++,01-ユ-300680,有料職業紹介事業,北海道,全行业,recruitment_agency,medium,"MHLW license (01-ユ-300680) shows general paid job placement (有料職業紹介事業), no headhunting/executive-search keywords on 13labo.com",有料職業紹介事業; 厚生労働省,mhlw_verified,high,2026-05-22T10:12:25+08:00,"Contact phone sourced from MHLW public occupational placement business detail page.; Agent contact enrichment: Found business email yohei@ogawaya.info on 13labo.com, which lists operator as 株式会社オガワヤ at exact same address (札幌市北区北13条西4丁目1-2 第一志水ビル2階) matching MHLW record. Company also hosts recruitment events via evekatsu, confirming active placement business.",https://13labo.com,/Users/frankqdwang/MLE/hunterdata/data/runs/20260522-101225/raw/agents/agent-061/company-45e3306d-13labo.txt,agent_email_found
company-c0314bce,株式会社 ＹＮＳトラスト,,,y_ito@ynstrust.com,090-5076-2927,https://www.ynstrust.com/%E3%81%8A%E5%95%8F%E3%81%84%E5%90%88%E3%82%8F%E3%81%9B-1/,https://www.ynstrust.com/,https://jinzai.hellowork.mhlw.go.jp/JinzaiWeb/GICB102030.do?screenId=GICB102030&action=detail&detkey_Detail=01-%E3%83%A6-300705%2C1+++++,https://jinzai.hellowork.mhlw.go.jp/JinzaiWeb/GICB102030.do?screenId=GICB102030&action=detail&detkey_Detail=01-%E3%83%A6-300705%2C1+++++,01-ユ-300705,有料職業紹介事業,北海道,全行业,recruitment_agency,medium,人材紹介 (personnel introduction/placement) signal on company website; no executive search or headhunting keywords found.,有料職業紹介事業; 厚生労働省,mhlw_verified,high,2026-05-22T10:12:25+08:00,"Contact phone sourced from MHLW public occupational placement business detail page.; Agent contact enrichment: Email y_ito@ynstrust.com confirmed on official top page at www.ynstrust.com. Company identity verified by matching MHLW license number 01-ユ-300705, company name, and address.",https://www.ynstrust.com/,/Users/frankqdwang/MLE/hunterdata/data/runs/20260522-101225/raw/agents/agent-063/company-c0314bce-ynstrust-top.txt,agent_email_found
company-bff54c38,株式会社 ＦＥＲＮＡ,,,,0155-67-1016,,,https://jinzai.hellowork.mhlw.go.jp/JinzaiWeb/GICB102030.do?screenId=GICB102030&action=detail&detkey_Detail=01-%E3%83%A6-300767%2C1+++++,https://jinzai.hellowork.mhlw.go.jp/JinzaiWeb/GICB102030.do?screenId=GICB102030&action=detail&detkey_Detail=01-%E3%83%A6-300767%2C1+++++,01-ユ-300767,有料職業紹介事業,北海道,全行业,recruitment_agency,medium,"Company holds 有料職業紹介事業 (paid occupational placement) license, indicating a general recruitment/placement agency (人材紹介), but no headhunting-specific keywords found.",有料職業紹介事業; 厚生労働省,mhlw_verified,high,2026-05-22T10:12:25+08:00,"Contact phone sourced from MHLW public occupational placement business detail page.; Agent contact enrichment: Extensive search across Google, Yahoo Japan, corporate directories (Alarmbox, houjin.jp, gBizInfo, tsujigawa), Rotary Club page, and MHLW page confirmed the company exists in Obihiro, Hokkaido (established 2023) but has no public website, email, or contact form. Corporate registry confirms no URL on file.",https://jinzai.hellowork.mhlw.go.jp/JinzaiWeb/GICB102030.do?screenId=GICB102030&action=detail&detkey_Detail=01-%E3%83%A6-300767%2C1+++++,/Users/frankqdwang/MLE/hunterdata/data/runs/20260522-101225/raw/agents/agent-070/company-bff54c38-mhlw.txt,agent_not_found
company-ba265401,Ｆｏｒｃｅ Ｌｉｎｋ Ｎｅｘｔ 株式会社,,,forcelink-group@forcelinknext.jp,011-376-5714,,https://forcelinknext.jp,https://jinzai.hellowork.mhlw.go.jp/JinzaiWeb/GICB102030.do?screenId=GICB102030&action=detail&detkey_Detail=01-%E3%83%A6-300784%2C1+++++,https://jinzai.hellowork.mhlw.go.jp/JinzaiWeb/GICB102030.do?screenId=GICB102030&action=detail&detkey_Detail=01-%E3%83%A6-300784%2C1+++++,01-ユ-300784,有料職業紹介事業,北海道,全行业,recruitment_agency,medium,"有料職業紹介事業 license and 採用コンサルティング事業 indicate general recruitment/placement services, but no headhunting/executive-search signal",有料職業紹介事業; 厚生労働省,mhlw_verified,high,2026-05-22T10:12:25+08:00,"Contact phone sourced from MHLW public occupational placement business detail page.; Agent contact enrichment: Email forcelink-group@forcelinknext.jp confirmed in mailto links on official company site forcelinknext.jp. Profile page proves company identity via name (ForceLinkNext株式会社), phone (011-376-5714), and license (01-ユ-300784).",https://forcelinknext.jp/companyprofile.html,/Users/frankqdwang/MLE/hunterdata/data/runs/20260522-101225/raw/agents/agent-073/company-ba265401-profile-v2.txt,agent_email_found
company-b34f069c,株式会社 ヒューマンイノベーションラボ,,,,011-806-2726,,https://hi-lab.co.jp/,https://jinzai.hellowork.mhlw.go.jp/JinzaiWeb/GICB102030.do?screenId=GICB102030&action=detail&detkey_Detail=01-%E3%83%A6-300821%2C1+++++,https://jinzai.hellowork.mhlw.go.jp/JinzaiWeb/GICB102030.do?screenId=GICB102030&action=detail&detkey_Detail=01-%E3%83%A6-300821%2C1+++++,01-ユ-300821,有料職業紹介事業,北海道,全行业,recruitment_agency,medium,"General recruitment support and training (採用支援, RPO, 研修, 有料職業紹介事業); no headhunting/executive search signal.",有料職業紹介事業; 厚生労働省,mhlw_verified,high,2026-05-22T10:12:25+08:00,"Contact phone sourced from MHLW public occupational placement business detail page.; Agent contact enrichment: Official site hi-lab.co.jp confirmed via Google search and validated by matching company name, address, and phone to MHLW record. Contact page lists address and phone only; no email or contact form published. Services page shows general recruitment/placement (新卒/中途/障がい者/外国人採用支援) and training, not headhunting-specific.",https://hi-lab.co.jp/,/Users/frankqdwang/MLE/hunterdata/data/runs/20260522-101225/raw/agents/agent-076/company-b34f069c-hilab.txt,agent_official_site_found_no_contact
company-028aa873,株式会社 ケイズ,,,,011-807-0299,https://ks0826.com/contact,https://ks0826.com/,https://jinzai.hellowork.mhlw.go.jp/JinzaiWeb/GICB102030.do?screenId=GICB102030&action=detail&detkey_Detail=01-%E3%83%A6-300863%2C1+++++,https://jinzai.hellowork.mhlw.go.jp/JinzaiWeb/GICB102030.do?screenId=GICB102030&action=detail&detkey_Detail=01-%E3%83%A6-300863%2C1+++++,01-ユ-300863,有料職業紹介事業,北海道,全行业,recruitment_agency,medium,"Official site lists ""有料職業紹介"" (paid placement/recruitment) and mentions ""人材紹介""; general recruitment signal, not headhunter-specific.",有料職業紹介事業; 厚生労働省,mhlw_verified,high,2026-05-22T10:12:25+08:00,Contact phone sourced from MHLW public occupational placement business detail page.; Agent contact enrichment: Company identity confirmed via matching phone (011-807-0299) and MHLW license (01-ユ-300863) on official site ks0826.com. No public email found. Contact form at /contact confirmed via local Dokobot read.,https://ks0826.com/contact,/Users/frankqdwang/MLE/hunterdata/data/runs/20260522-101225/raw/agents/agent-080/company-028aa873-contact.txt,agent_contact_form_found
company-2986ef04,ＮｅＸ 株式会社,,,info@nex-pert.jp,050-6868-2779,https://nex-pert.com/contact/,https://nex-pert.com/,https://jinzai.hellowork.mhlw.go.jp/JinzaiWeb/GICB102030.do?screenId=GICB102030&action=detail&detkey_Detail=01-%E3%83%A6-300876%2C1+++++,https://jinzai.hellowork.mhlw.go.jp/JinzaiWeb/GICB102030.do?screenId=GICB102030&action=detail&detkey_Detail=01-%E3%83%A6-300876%2C1+++++,01-ユ-300876,有料職業紹介事業,北海道,全行业,recruitment_agency,medium,"Company offers 人材紹介事業 (placement service) among broader HR solutions, indicating general recruitment/placement positioning rather than headhunting.",有料職業紹介事業; 厚生労働省,mhlw_verified,high,2026-05-22T10:12:25+08:00,Contact phone sourced from MHLW public occupational placement business detail page.; Agent contact enrichment: Email info@nex-pert.jp found on official company page (spam-protected with ★ replaced by @). Contact form also available at /contact/. Domain nex-pert.com confirmed as official site via MHLW link and matching phone/address/location.,https://nex-pert.com/company/,/Users/frankqdwang/MLE/hunterdata/data/runs/20260522-101225/raw/agents/agent-082/company-2986ef04-company.txt,agent_email_found
company-90b06893,札幌駅総合開発 株式会社,,,,011-209-5082,https://www.jr-tower.com/circles_tenant_form,https://www.jr-tower.com/,https://jinzai.hellowork.mhlw.go.jp/JinzaiWeb/GICB102030.do?screenId=GICB102030&action=detail&detkey_Detail=01-%E3%83%A6-300887%2C1+++++,https://jinzai.hellowork.mhlw.go.jp/JinzaiWeb/GICB102030.do?screenId=GICB102030&action=detail&detkey_Detail=01-%E3%83%A6-300887%2C1+++++,01-ユ-300887,有料職業紹介事業,北海道,全行业,recruitment_agency,medium,"人材マッチングサービス for JR Tower shops; general paid placement staffing, not headhunting.",有料職業紹介事業; 厚生労働省,mhlw_verified,high,2026-05-22T10:12:25+08:00,Contact phone sourced from MHLW public occupational placement business detail page.; Agent contact enrichment: No public email found. Public inquiry form for サツエキCircleS recruitment service confirmed on official company site jr-tower.com. Company main business is commercial facility management; recruitment staffing is a subsidiary service line.,https://www.jr-tower.com/jinzai_circles,/Users/frankqdwang/MLE/hunterdata/data/runs/20260522-101225/raw/agents/agent-083/company-90b06893-jr-tower-jinzai.txt,agent_contact_form_found
company-6e6ef0a3,株式会社 トゥインクル,,,info@twinkle8.com,0178-32-7310,https://www.twinkle8.com/contact/,https://www.twinkle8.com/,https://jinzai.hellowork.mhlw.go.jp/JinzaiWeb/GICB102030.do?screenId=GICB102030&action=detail&detkey_Detail=02-%E3%83%A6-300033%2C1+++++,https://jinzai.hellowork.mhlw.go.jp/JinzaiWeb/GICB102030.do?screenId=GICB102030&action=detail&detkey_Detail=02-%E3%83%A6-300033%2C1+++++,02-ユ-300033,有料職業紹介事業,青森県,全行业,recruitment_agency,medium,"Company explicitly operates 有料職業紹介事業 (paid placement) for models/artists/entertainers, a 人材紹介 signal, but no headhunting/executive-search keywords found.",有料職業紹介事業; 厚生労働省,mhlw_verified,high,2026-05-22T11:37:50+08:00,"Contact phone sourced from MHLW public occupational placement business detail page.; Agent contact enrichment: Email info@twinkle8.com confirmed on official company page which also matches MHLW license 02-ユ-300033, phone 0178-32-7310, and company name 株式会社トゥインクル. Official contact form also available at /contact/.",https://www.twinkle8.com/company/,/Users/frankqdwang/MLE/hunterdata/data/runs/20260522-113750/raw/agents/agent-048/company-6e6ef0a3-company.txt,agent_email_found
company-03eb0001,菊池 勲,,,,0172-27-5145,https://www.wonder-tail.com/contact2/,https://www.wonder-tail.com/,https://jinzai.hellowork.mhlw.go.jp/JinzaiWeb/GICB102030.do?screenId=GICB102030&action=detail&detkey_Detail=02-%E3%83%A6-300061%2C1+++++,https://jinzai.hellowork.mhlw.go.jp/JinzaiWeb/GICB102030.do?screenId=GICB102030&action=detail&detkey_Detail=02-%E3%83%A6-300061%2C1+++++,02-ユ-300061,有料職業紹介事業,青森県,全行业,recruitment_agency,medium,"Main business is 人材紹介業 (human resources placement/recruitment), no executive search or headhunting signal found",有料職業紹介事業; 厚生労働省,mhlw_verified,high,2026-05-22T11:37:50+08:00,"Contact phone sourced from MHLW public occupational placement business detail page.; Agent contact enrichment: Confirmed official website https://www.wonder-tail.com/ via MHLW page reference link. Company operates as ワンダーテール (Wonder Tail), with 有料職業紹介 license 02-ユ-300061. Same phone 0172-27-5145 and address match across all sources. No public email found on any page; public inquiry web form found at /contact2/.",https://www.wonder-tail.com/contact2/,/Users/frankqdwang/MLE/hunterdata/data/runs/20260522-113750/raw/agents/agent-053/company-03eb0001-contact2.txt,agent_contact_form_found
i-d92d87a3,株式会社I・Ｍ・Ｓ,,,,0172-32-5801,https://ims-hirosaki.com/contact/,https://ims-hirosaki.com/,https://jinzai.hellowork.mhlw.go.jp/JinzaiWeb/GICB102030.do?screenId=GICB102030&action=detail&detkey_Detail=02-%E3%83%A6-300067%2C1+++++,https://jinzai.hellowork.mhlw.go.jp/JinzaiWeb/GICB102030.do?screenId=GICB102030&action=detail&detkey_Detail=02-%E3%83%A6-300067%2C1+++++,02-ユ-300067,有料職業紹介事業,青森県,全行业,recruitment_agency,medium,"Offers job-change support (転職支援) and recruitment support (採用支援) alongside career school/training, which are general recruitment/placement signals",有料職業紹介事業; 厚生労働省,mhlw_verified,high,2026-05-22T11:37:50+08:00,"Contact phone sourced from MHLW public occupational placement business detail page.; Agent contact enrichment: Confirmed official site via Bing search; company name, phone 0172-32-5801, and address match MHLW record. No public business email found; only contact form at /contact/ is available.",https://ims-hirosaki.com/,/Users/frankqdwang/MLE/hunterdata/data/runs/20260522-113750/raw/agents/agent-055/i-d92d87a3-website.txt,agent_contact_form_found
company-d33cfd88,株式会社ドリーム・ワークス,,,,0178-80-7156,https://ta-workstation.com/company/contact,http://dream-wks.jp/,https://jinzai.hellowork.mhlw.go.jp/JinzaiWeb/GICB102030.do?screenId=GICB102030&action=detail&detkey_Detail=02-%E3%83%A6-300074%2C1+++++,https://jinzai.hellowork.mhlw.go.jp/JinzaiWeb/GICB102030.do?screenId=GICB102030&action=detail&detkey_Detail=02-%E3%83%A6-300074%2C1+++++,02-ユ-300074,有料職業紹介事業,青森県,全行业,recruitment_agency,medium,有料職業紹介事業 license confirms general paid recruitment/placement; no headhunting-specific keywords found,有料職業紹介事業; 厚生労働省,mhlw_verified,high,2026-05-22T11:37:50+08:00,"Contact phone sourced from MHLW public occupational placement business detail page.; Agent contact enrichment: Confirmed company via MHLW (license 02-ユ-300074, phone 0178-80-7156) and ta-workstation.com/company/ listing 株式会社ドリーム・ワークス as operator. Contact form at ta-workstation.com/contact/ includes general inquiry category for all business lines including paid placement. No public email published.",https://ta-workstation.com/company/,/Users/frankqdwang/MLE/hunterdata/data/runs/20260522-113750/raw/agents/agent-057/company-d33cfd88-ta-workstation-company.txt,agent_contact_form_found
company-d66f5693,株式会社天正スタッフ,,,,0197-62-6662,https://tensho.co.jp/contact/,https://tensho.co.jp/,https://jinzai.hellowork.mhlw.go.jp/JinzaiWeb/GICB102030.do?screenId=GICB102030&action=detail&detkey_Detail=03-%E3%83%A6-300036%2C1+++++,https://jinzai.hellowork.mhlw.go.jp/JinzaiWeb/GICB102030.do?screenId=GICB102030&action=detail&detkey_Detail=03-%E3%83%A6-300036%2C1+++++,03-ユ-300036,有料職業紹介事業,岩手県,全行业,recruitment_agency,medium,"Offers 人材紹介 (recruitment/placement) and handles management-level recruitment on official site, but primarily a temp staffing/dispatch firm; no headhunting/executive search signal",有料職業紹介事業; 厚生労働省,mhlw_verified,high,2026-05-22T11:37:50+08:00,"Contact phone sourced from MHLW public occupational placement business detail page.; Agent contact enrichment: Official site tensho.co.jp confirmed via matching company name, phone 0197-62-6662, address (北上市大通1-3-1), and MHLW license 03-ユ-300036. Contact form found at /contact/. Privacy page also discloses email tssf@tensho.co.jp (text extraction truncated at tssf@tensho) as disclosure request contact.",https://tensho.co.jp/company/,/Users/frankqdwang/MLE/hunterdata/data/runs/20260522-113750/raw/agents/agent-060/company-d66f5693-company.txt,agent_contact_form_found
company-fb42adec,株式会社パソナ東北創生,,,,080-4402-5516,https://pasonatohokusousei.com/contact,https://pasonatohokusousei.com/,https://jinzai.hellowork.mhlw.go.jp/JinzaiWeb/GICB102030.do?screenId=GICB102030&action=detail&detkey_Detail=03-%E3%83%A6-300095%2C1+++++,https://jinzai.hellowork.mhlw.go.jp/JinzaiWeb/GICB102030.do?screenId=GICB102030&action=detail&detkey_Detail=03-%E3%83%A6-300095%2C1+++++,03-ユ-300095,有料職業紹介事業,岩手県,全行业,recruitment_agency,medium,"Services include 人材紹介 (personnel introduction) and 採用支援 (recruitment support), signaling general recruitment placement.",有料職業紹介事業; 厚生労働省,mhlw_verified,high,2026-05-22T11:37:50+08:00,"Contact phone sourced from MHLW public occupational placement business detail page.; Agent contact enrichment: Contact form confirmed at /contact page. No public email found on site. Company identity confirmed via company name, address, and MHLW license match on /company page.",https://pasonatohokusousei.com/contact,/Users/frankqdwang/MLE/hunterdata/data/runs/20260522-113750/raw/agents/agent-065/company-fb42adec-contact.txt,agent_contact_form_found
company-04ed596b,クラリスアート株式会社,,,info@clariceart.co.jp,019-681-3838,,https://www.clariceart.co.jp/,https://jinzai.hellowork.mhlw.go.jp/JinzaiWeb/GICB102030.do?screenId=GICB102030&action=detail&detkey_Detail=03-%E3%83%A6-300100%2C1+++++,https://jinzai.hellowork.mhlw.go.jp/JinzaiWeb/GICB102030.do?screenId=GICB102030&action=detail&detkey_Detail=03-%E3%83%A6-300100%2C1+++++,03-ユ-300100,有料職業紹介事業,岩手県,全行业,recruitment_agency,medium,"Company site lists job placement (職業紹介事業) and worker dispatch services on its official homepage, indicating general recruitment/placement; no headhunting or executive-search keywords present.",有料職業紹介事業; 厚生労働省,mhlw_verified,high,2026-05-22T11:37:50+08:00,Contact phone sourced from MHLW public occupational placement business detail page.; Agent contact enrichment: Email info@clariceart.co.jp found on official company info page (会社概要). MHLW page confirmed official URL clariceart.co.jp. Company primarily does IT systems development; job placement is a secondary service targeting manufacturing/industrial roles.,https://www.clariceart.co.jp/about/,/Users/frankqdwang/MLE/hunterdata/data/runs/20260522-113750/raw/agents/agent-066/company-04ed596b-about.txt,agent_email_found
company-ba9ac488,株式会社佐々啓,,,,022-225-3424,https://sasakei.com/contact/,https://sasakei.com,https://jinzai.hellowork.mhlw.go.jp/JinzaiWeb/GICB102030.do?screenId=GICB102030&action=detail&detkey_Detail=04-%E3%83%A6-300002%2C1+++++,https://jinzai.hellowork.mhlw.go.jp/JinzaiWeb/GICB102030.do?screenId=GICB102030&action=detail&detkey_Detail=04-%E3%83%A6-300002%2C1+++++,04-ユ-300002,有料職業紹介事業,宮城県,全行业,recruitment_agency,medium,Site offers doctor placement and career-change support (転職支援/医師紹介); no executive-search or headhunting keywords found,有料職業紹介事業; 厚生労働省,mhlw_verified,high,2026-05-22T11:37:50+08:00,"Contact phone sourced from MHLW public occupational placement business detail page.; Agent contact enrichment: Official site sasakei.com confirmed by matching company name, phone (022-225-3424), and address with MHLW data. No public email found; contact form at /contact/ used for inquiries. Main business is medical equipment sales and clinic opening support; doctor placement is a secondary service.",https://sasakei.com/contact/,/Users/frankqdwang/MLE/hunterdata/data/runs/20260522-113750/raw/agents/agent-070/company-ba9ac488-sasakei-contact.txt,agent_contact_form_found
company-231747f5,株式会社人事・教育サービス,,,machikado@hosokawa-sr.com,022-226-7255,https://jinji-kyoiku.com/contact.html,https://jinji-kyoiku.com/,https://jinzai.hellowork.mhlw.go.jp/JinzaiWeb/GICB102030.do?screenId=GICB102030&action=detail&detkey_Detail=04-%E3%83%A6-300231%2C1+++++,https://jinzai.hellowork.mhlw.go.jp/JinzaiWeb/GICB102030.do?screenId=GICB102030&action=detail&detkey_Detail=04-%E3%83%A6-300231%2C1+++++,04-ユ-300231,有料職業紹介事業,宮城県,全行业,recruitment_agency,medium,採用代行サービス (recruitment agency) and 再就職支援 (outplacement) signal general recruitment/placement business,有料職業紹介事業; 厚生労働省,mhlw_verified,high,2026-05-22T11:37:50+08:00,Contact phone sourced from MHLW public occupational placement business detail page.; Agent contact enrichment: Found official company website jinji-kyoiku.com via Google search. Company info page lists public business email machikado@hosokawa-sr.com. Address and phone match MHLW record. Contact form available at contact.html.,https://jinji-kyoiku.com/annai.html,/Users/frankqdwang/MLE/hunterdata/data/runs/20260522-113750/raw/agents/agent-083/company-231747f5-annai.txt,agent_email_found
company-4b808804,株式会社ニア,,,near_info@near-email.co.jp,022-342-0008,https://www.near-sendai.com/contact/other/,https://www.near-sendai.com,https://jinzai.hellowork.mhlw.go.jp/JinzaiWeb/GICB102030.do?screenId=GICB102030&action=detail&detkey_Detail=04-%E3%83%A6-300273%2C1+++++,https://jinzai.hellowork.mhlw.go.jp/JinzaiWeb/GICB102030.do?screenId=GICB102030&action=detail&detkey_Detail=04-%E3%83%A6-300273%2C1+++++,04-ユ-300273,有料職業紹介事業,宮城県,全行业,recruitment_agency,medium,"Company operates a recruit/placement business (リクルート事業/人材紹介) with paid placement license, but also handles dispatch and part-time staffing; no headhunting-specific keywords found.",有料職業紹介事業; 厚生労働省,mhlw_verified,high,2026-05-22T11:37:50+08:00,"Contact phone sourced from MHLW public occupational placement business detail page.; Agent contact enrichment: Email near_info@near-email.co.jp found on official company profile page at near-sendai.com/company/profile/. Page also lists matching phone 022-342-0008, address, and license 04-ユ-300273 confirming identity.",https://www.near-sendai.com/company/profile/,/Users/frankqdwang/MLE/hunterdata/data/runs/20260522-113750/raw/agents/agent-086/company-4b808804-profile.txt,agent_email_found
company-230ef37e,株式会社クロスリード,,,info@xlead.co.jp,022-215-6661,https://www.xlead.co.jp/contact/,https://www.xlead.co.jp/,https://jinzai.hellowork.mhlw.go.jp/JinzaiWeb/GICB102030.do?screenId=GICB102030&action=detail&detkey_Detail=04-%E3%83%A6-300287%2C1+++++,https://jinzai.hellowork.mhlw.go.jp/JinzaiWeb/GICB102030.do?screenId=GICB102030&action=detail&detkey_Detail=04-%E3%83%A6-300287%2C1+++++,04-ユ-300287,有料職業紹介事業,宮城県,全行业,recruitment_agency,medium,General recruitment/placement signal via 有料職業紹介事業 license; no headhunting/executive search positioning on official site,有料職業紹介事業; 厚生労働省,mhlw_verified,high,2026-05-22T11:37:50+08:00,"Contact phone sourced from MHLW public occupational placement business detail page.; Agent contact enrichment: Email info@xlead.co.jp confirmed on official contact page (xlead.co.jp/contact). Company identity verified by name, address, phone 022-215-6661, and MHLW license 04-ユ-300287 on company profile page.",https://www.xlead.co.jp/contact/,/Users/frankqdwang/MLE/hunterdata/data/runs/20260522-113750/raw/agents/agent-088/company-230ef37e-xlead-contact.txt,agent_email_found
company-f6cfca5a,株式会社メディカル・ブリエ,,,info@medical-briller.co.jp,022-291-1286,https://www.medical-briller.co.jp/form?form_id=3786,https://www.medical-briller.co.jp/,https://jinzai.hellowork.mhlw.go.jp/JinzaiWeb/GICB102030.do?screenId=GICB102030&action=detail&detkey_Detail=04-%E3%83%A6-300302%2C1+++++,https://jinzai.hellowork.mhlw.go.jp/JinzaiWeb/GICB102030.do?screenId=GICB102030&action=detail&detkey_Detail=04-%E3%83%A6-300302%2C1+++++,04-ユ-300302,有料職業紹介事業,宮城県,全行业,recruitment_agency,medium,Website features '薬剤師人材紹介' (pharmacist personnel introduction) as secondary business alongside pharmacy operations,有料職業紹介事業; 厚生労働省,mhlw_verified,high,2026-05-22T11:37:50+08:00,Contact phone sourced from MHLW public occupational placement business detail page.; Agent contact enrichment: Official company website medical-briller.co.jp confirmed. Email info@medical-briller.co.jp found on privacy policy inquiry section. Company operates pharmacies and provides pharmacist recruitment services.,https://www.medical-briller.co.jp/85407.html,/Users/frankqdwang/MLE/hunterdata/data/runs/20260522-113750/raw/agents/agent-091/company-f6cfca5a-privacy.txt,agent_email_found
